,熊谷,熊谷,熊谷,熊谷,熊谷,熊谷,熊谷,熊谷,熊谷,熊谷,熊谷,熊谷,熊谷,熊谷,熊谷,熊谷,熊谷,熊谷,熊谷,熊谷,熊谷,熊谷,熊谷,熊谷,熊谷,熊谷,熊谷,熊谷,熊谷,熊谷,熊谷,熊谷,熊谷,熊谷,熊谷,熊谷,熊谷,熊谷,熊谷,熊谷,熊谷,熊谷,熊谷
年月日,平均気温(℃),平均気温(℃),平均気温(℃),最高気温(℃),最高気温(℃),最高気温(℃),最高気温(℃),最高気温(℃),最低気温(℃),最低気温(℃),最低気温(℃),最低気温(℃),最低気温(℃),降水量の合計(mm),降水量の合計(mm),降水量の合計(mm),降水量の合計(mm),日照時間(時間),日照時間(時間),日照時間(時間),日照時間(時間),降雪量合計(cm),降雪量合計(cm),降雪量合計(cm),降雪量合計(cm),平均風速(m/s),平均風速(m/s),平均風速(m/s),平均蒸気圧(hPa),平均蒸気圧(hPa),平均蒸気圧(hPa),平均湿度(％),平均湿度(％),平均湿度(％),平均現地気圧(hPa),平均現地気圧(hPa),平均現地気圧(hPa),平均雲量(10分比),平均雲量(10分比),平均雲量(10分比),天気概況(昼：06時～18時),天気概況(昼：06時～18時),天気概況(昼：06時～18時)
,,,,,,時分,時分,,,,時分,時分,,,,,,,,,,,,,,,,,,,,,,,,,,,,,,,
,,品質情報,均質番号,,品質情報,,品質情報,均質番号,,品質情報,,品質情報,均質番号,,現象なし情報,品質情報,均質番号,,現象なし情報,品質情報,均質番号,,現象なし情報,品質情報,均質番号,,品質情報,均質番号,,品質情報,均質番号,,品質情報,均質番号,,品質情報,均質番号,,品質情報,均質番号,,品質情報,均質番号
2020/1/1,5.6,8,1,10.7,8,2020/1/1 14:59,8,1,1.7,8,2020/1/1 6:58,8,1,0,1,8,1,9.3,0,8,1,0,1,8,1,4.2,8,1,4.1,8,1,46,8,1,1017,8,1,,0,1,晴,8,1
2020/1/2,6.5,8,1,13.2,8,2020/1/2 14:24,8,1,1.5,8,2020/1/2 23:31,8,1,0,1,8,1,9.3,0,8,1,0,1,8,1,2.2,8,1,5.3,8,1,57,8,1,1017.1,8,1,,0,1,晴,8,1
2020/1/3,5.4,8,1,13.1,8,2020/1/3 14:22,8,1,-1.6,8,2020/1/3 6:12,8,1,0,1,8,1,9.4,0,8,1,0,1,8,1,1.5,8,1,5.6,8,1,65,8,1,1012.5,8,1,,0,1,晴,8,1
2020/1/4,7.1,8,1,12.7,8,2020/1/4 13:18,8,1,2.8,8,2020/1/4 0:34,8,1,0,0,8,1,8.3,0,8,1,0,1,8,1,3.6,8,1,5.1,8,1,53,8,1,1010.5,8,1,,0,1,晴,8,1
2020/1/5,4.8,8,1,9.5,8,2020/1/5 14:05,8,1,1.9,8,2020/1/5 23:00,8,1,0,1,8,1,7.7,0,8,1,0,1,8,1,3.8,8,1,5.2,8,1,62,8,1,1017.6,8,1,,0,1,晴,8,1
2020/1/6,6.9,8,1,11.7,8,2020/1/6 13:35,8,1,2.3,8,2020/1/6 0:22,8,1,0,1,8,1,8.6,0,8,1,0,1,8,1,4.9,8,1,4.5,8,1,46,8,1,1021.7,8,1,,0,1,晴後一時曇,8,1
2020/1/7,3.9,8,1,7.6,8,2020/1/7 14:26,8,1,-0.3,8,2020/1/7 6:33,8,1,1,0,8,1,0.6,0,8,1,0,1,8,1,1.4,8,1,5.8,8,1,73,8,1,1021.4,8,1,,0,1,曇一時晴後雨,8,1
2020/1/8,5.9,8,1,12.1,8,2020/1/8 23:54,8,1,3.8,8,2020/1/8 21:53,8,1,3.5,0,8,1,3.6,0,8,1,0,1,8,1,1.7,8,1,8.1,8,1,88,8,1,999.8,8,1,,0,1,雨後曇時々晴,8,1
2020/1/9,9.7,8,1,14.1,8,2020/1/9 13:30,8,1,3.9,8,2020/1/9 23:19,8,1,0,1,8,1,9.5,0,8,1,0,1,8,1,4.7,8,1,5.9,8,1,51,8,1,1005.4,8,1,,0,1,晴,8,1
2020/1/10,6.7,8,1,13.3,8,2020/1/10 14:18,8,1,1.2,8,2020/1/10 7:17,8,1,0,1,8,1,8.2,0,8,1,0,1,8,1,2.5,8,1,5.5,8,1,58,8,1,1012.3,8,1,,0,1,晴後一時曇,8,1
2020/1/11,5.4,8,1,10.1,8,2020/1/11 14:55,8,1,3,8,2020/1/12 0:00,8,1,0,0,8,1,4.8,0,8,1,0,1,8,1,1.8,8,1,5.9,8,1,67,8,1,1011.7,8,1,,0,1,曇後晴,8,1
2020/1/12,5.3,8,1,9.3,8,2020/1/12 15:27,8,1,0.1,8,2020/1/12 6:57,8,1,0,0,8,1,1.7,0,8,1,0,1,8,1,1.3,8,1,6.7,8,1,76,8,1,1007.5,8,1,,0,1,曇一時晴後雨,8,1
2020/1/13,7.9,8,1,14.3,8,2020/1/13 14:37,8,1,1.6,8,2020/1/13 7:18,8,1,0,0,8,1,9,0,8,1,0,1,8,1,1.8,8,1,6.9,8,1,66,8,1,1007.8,8,1,,0,1,晴,8,1
2020/1/14,7.6,8,1,12.8,8,2020/1/14 14:54,8,1,2.1,8,2020/1/14 7:15,8,1,0,1,8,1,7.9,0,8,1,0,1,8,1,1.4,8,1,7.1,8,1,69,8,1,1015.7,8,1,,0,1,晴後時々曇,8,1
2020/1/15,7,8,1,10.9,8,2020/1/15 14:11,8,1,4.4,8,2020/1/15 23:45,8,1,2,0,8,1,3,0,8,1,0,1,8,1,2.4,8,1,7.8,8,1,77,8,1,1012.8,8,1,,0,1,雨後曇時々晴,8,1
2020/1/16,5.7,8,1,11.6,8,2020/1/16 14:53,8,1,1.1,8,2020/1/16 5:26,8,1,0,1,8,1,9.1,0,8,1,0,1,8,1,2.5,8,1,4.7,8,1,54,8,1,1017.5,8,1,,0,1,晴一時曇,8,1
2020/1/17,6,8,1,10.6,8,2020/1/17 13:10,8,1,1.1,8,2020/1/17 6:27,8,1,0,1,8,1,4.8,0,8,1,0,1,8,1,1.8,8,1,5.5,8,1,59,8,1,1015.5,8,1,,0,1,曇時々晴,8,1
2020/1/18,4,8,1,6.5,8,2020/1/18 0:42,8,1,1.8,8,2020/1/18 13:03,8,1,0,0,8,1,0,0,8,1,0,1,8,1,2.3,8,1,6.4,8,1,79,8,1,1010.3,8,1,,0,1,曇一時雪後みぞれ時々雨,8,1
2020/1/19,5.8,8,1,12,8,2020/1/19 14:27,8,1,-0.4,8,2020/1/19 7:30,8,1,0,1,8,1,8.9,0,8,1,0,1,8,1,1.9,8,1,5.6,8,1,63,8,1,1010.2,8,1,,0,1,晴後一時曇,8,1
2020/1/20,6.9,8,1,14.8,8,2020/1/20 13:56,8,1,-0.7,8,2020/1/20 6:30,8,1,0,1,8,1,9.6,0,8,1,0,1,8,1,1.9,8,1,5.7,8,1,61,8,1,1008.3,8,1,,0,1,晴,8,1
2020/1/21,6.2,8,1,10.5,8,2020/1/21 13:10,8,1,2.2,8,2020/1/21 2:09,8,1,0,1,8,1,9.7,0,8,1,0,1,8,1,5,8,1,4.8,8,1,51,8,1,1016.8,8,1,,0,1,晴,8,1
2020/1/22,3.7,8,1,9.3,8,2020/1/22 14:46,8,1,-1.9,8,2020/1/22 5:49,8,1,0,1,8,1,4.3,0,8,1,0,1,8,1,1.5,8,1,5,8,1,63,8,1,1024.5,8,1,,0,1,曇時々晴,8,1
2020/1/23,5.3,8,1,9.6,8,2020/1/23 15:15,8,1,1.3,8,2020/1/23 2:13,8,1,1,0,8,1,0,0,8,1,0,1,8,1,1.3,8,1,6.9,8,1,77,8,1,1017.6,8,1,,0,1,雨一時みぞれ後曇,8,1
2020/1/24,8.3,8,1,16.1,8,2020/1/24 14:27,8,1,1.7,8,2020/1/24 6:14,8,1,0,1,8,1,7.4,0,8,1,0,1,8,1,2.3,8,1,7.6,8,1,71,8,1,1018.4,8,1,,0,1,晴一時曇,8,1
2020/1/25,6.4,8,1,8.9,8,2020/1/25 12:49,8,1,4.6,8,2020/1/25 19:16,8,1,0,1,8,1,0.3,0,8,1,0,1,8,1,3.5,8,1,4.6,8,1,49,8,1,1023.9,8,1,,0,1,曇時々晴,8,1
2020/1/26,5.1,8,1,8.8,8,2020/1/26 14:38,8,1,2.1,8,2020/1/26 22:11,8,1,0,1,8,1,1.3,0,8,1,0,1,8,1,1.2,8,1,5.9,8,1,67,8,1,1022.9,8,1,,0,1,曇後一時晴,8,1
2020/1/27,3.8,8,1,6,8,2020/1/27 15:55,8,1,1.3,8,2020/1/28 0:00,8,1,3,0,8,1,0,0,8,1,0,1,8,1,1.3,8,1,5.6,8,1,71,8,1,1022.5,8,1,,0,1,曇,8,1
2020/1/28,3.8,8,1,6.5,8,2020/1/29 0:00,8,1,0.3,8,2020/1/28 0:57,8,1,27.5,0,8,1,0,0,8,1,1,0,8,1,2.3,8,1,7.9,8,1,97,8,1,1015.1,8,1,,0,1,雨時々みぞれ,8,1
2020/1/29,12.3,8,1,18.9,8,2020/1/29 14:28,8,1,6.3,8,2020/1/29 0:48,8,1,36,0,8,1,8.8,0,8,1,0,1,8,1,3.8,8,1,9.8,8,1,71,8,1,998.6,8,1,,0,1,晴一時雨,8,1
2020/1/30,11.7,8,1,18.3,8,2020/1/30 13:40,8,1,6.8,8,2020/1/30 6:43,8,1,0,0,8,1,9.3,0,8,1,0,1,8,1,3.8,8,1,6.7,8,1,51,8,1,995,8,1,,0,1,晴,8,1
2020/1/31,7.1,8,1,11.6,8,2020/1/31 11:35,8,1,2.9,8,2020/1/31 23:49,8,1,0,1,8,1,9.3,0,8,1,0,1,8,1,5.5,8,1,4.9,8,1,49,8,1,1001.6,8,1,,0,1,晴,8,1
2020/2/1,6.3,8,1,12.9,8,2020/2/1 14:11,8,1,-0.4,8,2020/2/1 6:26,8,1,0,1,8,1,10.1,0,8,1,0,1,8,1,3.5,8,1,4.8,8,1,53,8,1,1011.1,8,1,,0,1,晴,8,1
2020/2/2,7,8,1,13.2,8,2020/2/2 14:03,8,1,0.9,8,2020/2/2 4:06,8,1,0,1,8,1,10.1,0,8,1,0,1,8,1,3.2,8,1,4.5,8,1,47,8,1,1017.8,8,1,,0,1,晴,8,1
2020/2/3,7.4,8,1,13.6,8,2020/2/3 16:01,8,1,0.9,8,2020/2/3 5:30,8,1,0,1,8,1,8.3,0,8,1,0,1,8,1,2,8,1,5.7,8,1,57,8,1,1013.8,8,1,,0,1,晴時々曇,8,1
2020/2/4,7.5,8,1,12.7,8,2020/2/4 12:59,8,1,3.8,8,2020/2/4 5:34,8,1,0,1,8,1,7.7,0,8,1,0,1,8,1,3.1,8,1,5.4,8,1,54,8,1,1015.8,8,1,,0,1,晴時々曇,8,1
2020/2/5,5.8,8,1,14.9,8,2020/2/5 13:32,8,1,0.6,8,2020/2/5 6:45,8,1,0,1,8,1,8.1,0,8,1,0,1,8,1,3.9,8,1,4.7,8,1,54,8,1,1009.3,8,1,,0,1,晴後時々曇,8,1
2020/2/6,1.4,8,1,5.6,8,2020/2/6 13:25,8,1,-1.3,8,2020/2/6 23:58,8,1,0,1,8,1,10.2,0,8,1,0,1,8,1,5.2,8,1,2.7,8,1,41,8,1,1019.9,8,1,,0,1,晴一時曇,8,1
2020/2/7,0.8,8,1,6.6,8,2020/2/7 14:52,8,1,-5.2,8,2020/2/7 6:42,8,1,0,1,8,1,10.1,0,8,1,0,1,8,1,1.8,8,1,3.2,8,1,51,8,1,1022.2,8,1,,0,1,晴,8,1
2020/2/8,4.4,8,1,12.9,8,2020/2/8 13:02,8,1,-2.3,8,2020/2/8 5:36,8,1,0,1,8,1,9.8,0,8,1,0,1,8,1,3.4,8,1,3.9,8,1,48,8,1,1010.1,8,1,,0,1,晴,8,1
2020/2/9,2.6,8,1,7.5,8,2020/2/9 14:20,8,1,0,8,2020/2/9 22:21,8,1,0,1,8,1,10.4,0,8,1,0,1,8,1,5.7,8,1,3.1,8,1,43,8,1,1012.8,8,1,,0,1,晴,8,1
2020/2/10,3.2,8,1,8.8,8,2020/2/10 14:34,8,1,-2.8,8,2020/2/10 6:58,8,1,0,1,8,1,8.9,0,8,1,0,1,8,1,2.3,8,1,3.8,8,1,51,8,1,1011.3,8,1,,0,1,晴時々曇,8,1
2020/2/11,5.4,8,1,11.7,8,2020/2/11 14:20,8,1,-0.2,8,2020/2/11 4:05,8,1,0,1,8,1,10.4,0,8,1,0,1,8,1,3.6,8,1,4.2,8,1,50,8,1,1021.9,8,1,,0,1,晴,8,1
2020/2/12,5.9,8,1,13.1,8,2020/2/12 15:24,8,1,-2.1,8,2020/2/12 6:12,8,1,0,1,8,1,9.1,0,8,1,0,1,8,1,1.5,8,1,4.4,8,1,50,8,1,1021.6,8,1,,0,1,晴時々曇,8,1
2020/2/13,12.3,8,1,20.3,8,2020/2/13 14:34,8,1,5.3,8,2020/2/13 6:33,8,1,0,0,8,1,8,0,8,1,0,1,8,1,2.2,8,1,7.8,8,1,55,8,1,1011.1,8,1,,0,1,曇一時雨後晴,8,1
2020/2/14,12.4,8,1,16.6,8,2020/2/14 12:30,8,1,7.1,8,2020/2/14 7:10,8,1,0,0,8,1,3.4,0,8,1,0,1,8,1,2.2,8,1,9.3,8,1,65,8,1,1014.5,8,1,,0,1,曇一時晴後一時雨,8,1
2020/2/15,11.1,8,1,16.5,8,2020/2/15 14:08,8,1,5.4,8,2020/2/15 5:06,8,1,0,1,8,1,2,0,8,1,0,1,8,1,2,8,1,8,8,1,62,8,1,1016.2,8,1,,0,1,曇,8,1
2020/2/16,8.7,8,1,10.7,8,2020/2/16 15:40,8,1,5.8,8,2020/2/16 3:41,8,1,1.5,0,8,1,0,0,8,1,0,1,8,1,1.3,8,1,9.8,8,1,86,8,1,1005.5,8,1,,0,1,曇時々雨,8,1
2020/2/17,8.9,8,1,11.5,8,2020/2/17 12:34,8,1,4.9,8,2020/2/18 0:00,8,1,8.5,0,8,1,0,0,8,1,0,1,8,1,2.2,8,1,10.6,8,1,92,8,1,997.3,8,1,,0,1,曇時々雨,8,1
2020/2/18,6.5,8,1,11.1,8,2020/2/18 13:48,8,1,3,8,2020/2/18 23:34,8,1,0,1,8,1,10.5,0,8,1,0,1,8,1,4.5,8,1,4.3,8,1,46,8,1,1007.6,8,1,,0,1,晴,8,1
2020/2/19,7.1,8,1,13.4,8,2020/2/19 14:16,8,1,1.4,8,2020/2/19 4:05,8,1,0,1,8,1,10.4,0,8,1,0,1,8,1,3.2,8,1,4.3,8,1,44,8,1,1021,8,1,,0,1,晴,8,1
2020/2/20,7.8,8,1,12.8,8,2020/2/20 14:06,8,1,2,8,2020/2/20 5:54,8,1,0,0,8,1,4.5,0,8,1,0,1,8,1,1.9,8,1,6.2,8,1,59,8,1,1025.2,8,1,,0,1,曇時々晴,8,1
2020/2/21,8.6,8,1,14.9,8,2020/2/21 14:46,8,1,2.4,8,2020/2/21 6:48,8,1,0.5,0,8,1,9.7,0,8,1,0,1,8,1,1.8,8,1,7.3,8,1,68,8,1,1029.6,8,1,,0,1,晴,8,1
2020/2/22,10,8,1,17,8,2020/2/22 15:44,8,1,4.6,8,2020/2/22 6:21,8,1,0,0,8,1,4.2,0,8,1,0,1,8,1,2,8,1,8.2,8,1,67,8,1,1015.8,8,1,,0,1,曇後時々晴,8,1
2020/2/23,9.2,8,1,14.4,8,2020/2/23 13:57,8,1,4.9,8,2020/2/23 22:37,8,1,0,1,8,1,10.3,0,8,1,0,1,8,1,5,8,1,4.1,8,1,36,8,1,1012.6,8,1,,0,1,晴,8,1
2020/2/24,9.7,8,1,16,8,2020/2/24 15:14,8,1,3.2,8,2020/2/24 5:33,8,1,0,1,8,1,10.5,0,8,1,0,1,8,1,2.7,8,1,4.9,8,1,41,8,1,1017.3,8,1,,0,1,晴一時曇,8,1
2020/2/25,8.7,8,1,14,8,2020/2/25 12:36,8,1,3.5,8,2020/2/25 6:45,8,1,2.5,0,8,1,3.6,0,8,1,0,1,8,1,2,8,1,7.5,8,1,67,8,1,1015.8,8,1,,0,1,曇時々晴後雨,8,1
2020/2/26,7.8,8,1,10,8,2020/2/26 14:02,8,1,5.5,8,2020/2/27 0:00,8,1,1,0,8,1,0,0,8,1,0,1,8,1,1.5,8,1,8.7,8,1,82,8,1,1011.2,8,1,,0,1,雨後曇,8,1
2020/2/27,5.9,8,1,10.8,8,2020/2/27 12:59,8,1,2.4,8,2020/2/27 23:32,8,1,0,1,8,1,10.8,0,8,1,0,1,8,1,5.4,8,1,4.6,8,1,50,8,1,1014.7,8,1,,0,1,晴,8,1
2020/2/28,6.6,8,1,11.8,8,2020/2/28 13:54,8,1,1.3,8,2020/2/28 6:39,8,1,0,1,8,1,9.1,0,8,1,0,1,8,1,3.3,8,1,4.3,8,1,46,8,1,1018.9,8,1,,0,1,晴時々曇,8,1
2020/2/29,8.2,8,1,14,8,2020/2/29 14:48,8,1,2.1,8,2020/2/29 6:28,8,1,0,0,8,1,5.7,0,8,1,0,1,8,1,1.9,8,1,6.8,8,1,62,8,1,1014.6,8,1,,0,1,曇時々晴,8,1
2020/3/1,12,8,1,18.6,8,2020/3/1 14:37,8,1,4.6,8,2020/3/1 6:38,8,1,0,0,8,1,9.5,0,8,1,0,1,8,1,2.7,8,1,7.3,8,1,55,8,1,1011.8,8,1,,0,1,晴時々曇,8,1
2020/3/2,7.5,8,1,10.3,8,2020/3/2 0:05,8,1,5.7,8,2020/3/2 9:55,8,1,2,0,8,1,0,0,8,1,0,1,8,1,1.8,8,1,9.1,8,1,88,8,1,1013.1,8,1,,0,1,雨後一時曇,8,1
2020/3/3,11.6,8,1,17.9,8,2020/3/3 15:11,8,1,3.9,8,2020/3/3 3:43,8,1,0,0,8,1,10.7,0,8,1,0,1,8,1,3.4,8,1,6.5,8,1,52,8,1,1016.5,8,1,,0,1,晴,8,1
2020/3/4,8.6,8,1,10.3,8,2020/3/4 0:05,8,1,7.8,8,2020/3/4 18:11,8,1,0,0,8,1,0,0,8,1,0,1,8,1,1.6,8,1,8.9,8,1,80,8,1,1015,8,1,,0,1,曇時々雨,8,1
2020/3/5,8.4,8,1,13.6,8,2020/3/5 10:39,8,1,4.2,8,2020/3/6 0:00,8,1,0,0,8,1,7.9,0,8,1,0,1,8,1,5.6,8,1,5.5,8,1,52,8,1,1003.2,8,1,,0,1,雨時々曇後晴,8,1
2020/3/6,7.8,8,1,14.3,8,2020/3/6 14:47,8,1,3.3,8,2020/3/6 6:02,8,1,0,1,8,1,11.2,0,8,1,0,1,8,1,4.6,8,1,4,8,1,39,8,1,1013.8,8,1,,0,1,晴,8,1
2020/3/7,6.4,8,1,11.1,8,2020/3/7 13:47,8,1,1.3,8,2020/3/7 5:52,8,1,0,0,8,1,1.1,0,8,1,0,1,8,1,2.3,8,1,5.7,8,1,59,8,1,1019.7,8,1,,0,1,曇,8,1
2020/3/8,7.3,8,1,9.9,8,2020/3/8 17:14,8,1,5.1,8,2020/3/8 2:52,8,1,2.5,0,8,1,0,0,8,1,0,1,8,1,1.4,8,1,9,8,1,88,8,1,1015.4,8,1,,0,1,雨時々曇,8,1
2020/3/9,13.5,8,1,20.9,8,2020/3/9 14:56,8,1,5.6,8,2020/3/9 6:13,8,1,0,1,8,1,8.7,0,8,1,0,1,8,1,2.2,8,1,11.1,8,1,72,8,1,1013.3,8,1,,0,1,晴時々曇,8,1
2020/3/10,14,8,1,15,8,2020/3/10 18:18,8,1,12.9,8,2020/3/10 7:13,8,1,15,0,8,1,0,0,8,1,0,1,8,1,1.6,8,1,15.6,8,1,97,8,1,999.4,8,1,,0,1,雨,8,1
2020/3/11,14.4,8,1,21,8,2020/3/11 15:27,8,1,7.9,8,2020/3/12 0:00,8,1,0,1,8,1,10.9,0,8,1,0,1,8,1,5,8,1,8.2,8,1,52,8,1,997,8,1,,0,1,晴,8,1
2020/3/12,10.6,8,1,16.2,8,2020/3/12 14:11,8,1,6.3,8,2020/3/12 5:49,8,1,0,1,8,1,10,0,8,1,0,1,8,1,4,8,1,5.8,8,1,47,8,1,1016,8,1,,0,1,晴,8,1
2020/3/13,11.7,8,1,18.1,8,2020/3/13 13:52,8,1,5.2,8,2020/3/13 6:02,8,1,0,1,8,1,7.2,0,8,1,0,1,8,1,2.2,8,1,8,8,1,60,8,1,1011.9,8,1,,0,1,曇時々晴,8,1
2020/3/14,5.4,8,1,10.3,8,2020/3/14 0:15,8,1,2.4,8,2020/3/14 16:03,8,1,18.5,0,8,1,0,0,8,1,0,1,8,1,2.1,8,1,7.8,8,1,87,8,1,1005.7,8,1,,0,1,雨一時曇、みぞれを伴う,8,1
2020/3/15,7,8,1,12,8,2020/3/15 15:08,8,1,1.4,8,2020/3/15 1:49,8,1,0,0,8,1,9.3,0,8,1,0,1,8,1,2.7,8,1,6,8,1,62,8,1,1001.7,8,1,,0,1,晴後一時雨一時曇,8,1
2020/3/16,5.7,8,1,13.4,8,2020/3/16 11:02,8,1,1.7,8,2020/3/16 5:09,8,1,0,0,8,1,9.9,0,8,1,0,1,8,1,5,8,1,5.6,8,1,62,8,1,1003.7,8,1,,0,1,晴時々曇一時雨,8,1
2020/3/17,6.8,8,1,13,8,2020/3/17 15:10,8,1,0.6,8,2020/3/17 6:18,8,1,0,1,8,1,11.5,0,8,1,0,1,8,1,2.5,8,1,4.9,8,1,50,8,1,1011.2,8,1,,0,1,晴,8,1
2020/3/18,12,8,1,19.8,8,2020/3/18 14:09,8,1,4.6,8,2020/3/18 0:44,8,1,0,0,8,1,10.9,0,8,1,0,1,8,1,3.1,8,1,5.9,8,1,45,8,1,1009,8,1,,0,1,晴一時雨,8,1
2020/3/19,13.7,8,1,22,8,2020/3/19 16:14,8,1,4.7,8,2020/3/19 5:13,8,1,0,1,8,1,11.3,0,8,1,0,1,8,1,2.4,8,1,8.5,8,1,54,8,1,1005.4,8,1,,0,1,晴,8,1
2020/3/20,12.9,8,1,17.7,8,2020/3/20 12:52,8,1,8.6,8,2020/3/20 23:22,8,1,0,0,8,1,10.1,0,8,1,0,1,8,1,5.5,8,1,6.1,8,1,42,8,1,999.3,8,1,,0,1,晴一時曇,8,1
2020/3/21,14,8,1,21.5,8,2020/3/21 14:54,8,1,7.5,8,2020/3/21 6:27,8,1,0,1,8,1,11,0,8,1,0,1,8,1,3.1,8,1,6.1,8,1,39,8,1,1007,8,1,,0,1,晴,8,1
2020/3/22,14.9,8,1,25.3,8,2020/3/22 14:53,8,1,7,8,2020/3/22 6:04,8,1,0,0,8,1,9.5,0,8,1,0,1,8,1,2.9,8,1,7.6,8,1,47,8,1,1003.2,8,1,,0,1,晴後一時雨,8,1
2020/3/23,11.6,8,1,16.9,8,2020/3/23 13:32,8,1,7.6,8,2020/3/23 23:08,8,1,0,1,8,1,7.7,0,8,1,0,1,8,1,4.9,8,1,5,8,1,39,8,1,1006.3,8,1,,0,1,晴時々曇,8,1
2020/3/24,7.1,8,1,11.4,8,2020/3/24 13:45,8,1,4.1,8,2020/3/25 0:00,8,1,0,0,8,1,11.3,0,8,1,0,1,8,1,5.6,8,1,4.5,8,1,46,8,1,1011.6,8,1,,0,1,晴一時雨、みぞれを伴う,8,1
2020/3/25,9.5,8,1,16.9,8,2020/3/25 15:30,8,1,2.2,8,2020/3/25 5:02,8,1,0,1,8,1,11.9,0,8,1,0,1,8,1,3.7,8,1,4.3,8,1,39,8,1,1016.6,8,1,,0,1,晴,8,1
2020/3/26,13.1,8,1,21.8,8,2020/3/26 15:48,8,1,5.6,8,2020/3/26 3:24,8,1,0,1,8,1,10.8,0,8,1,0,1,8,1,2,8,1,5.9,8,1,41,8,1,1017,8,1,,0,1,晴,8,1
2020/3/27,13.8,8,1,18.5,8,2020/3/27 16:21,8,1,6.6,8,2020/3/27 5:07,8,1,0,0,8,1,0.6,0,8,1,0,1,8,1,1.1,8,1,7.7,8,1,50,8,1,1011.5,8,1,,0,1,曇一時雨,8,1
2020/3/28,14.4,8,1,22.8,8,2020/3/28 11:50,8,1,7.2,8,2020/3/29 0:00,8,1,21.5,0,8,1,1.8,0,8,1,0,1,8,1,2.7,8,1,12.2,8,1,75,8,1,1008.2,8,1,,0,1,曇時々晴後雨,8,1
2020/3/29,3.5,8,1,7.2,8,2020/3/29 0:08,8,1,0.4,8,2020/3/29 10:56,8,1,40,0,8,1,0,0,8,1,2,0,8,1,1.9,8,1,7.3,8,1,93,8,1,1016.6,8,1,,0,1,みぞれ時々雨一時曇,8,1
2020/3/30,7.1,8,1,10.3,8,2020/3/30 15:38,8,1,3.6,8,2020/3/30 3:51,8,1,0,0,8,1,0.3,0,8,1,0,1,8,1,1.3,8,1,7.2,8,1,71,8,1,1019.6,8,1,,0,1,曇,8,1
2020/3/31,8.4,8,1,10.8,8,2020/3/31 14:23,8,1,5.9,8,2020/3/31 6:06,8,1,0,0,8,1,0,0,8,1,0,1,8,1,1.4,8,1,9.4,8,1,85,8,1,1019,8,1,,0,1,曇後時々雨,8,1
2020/4/1,11.2,8,1,14.4,8,2020/4/1 23:59,8,1,9.1,8,2020/4/1 3:14,8,1,19,0,8,1,0,0,8,1,0,1,8,1,2.7,8,1,12.6,8,1,94,8,1,1003.8,8,1,,0,1,雨,8,1
2020/4/2,12.7,8,1,17.9,8,2020/4/2 13:17,8,1,8.7,8,2020/4/2 23:32,8,1,0,1,8,1,11.9,0,8,1,0,1,8,1,7.4,8,1,6.8,8,1,46,8,1,1003.9,8,1,,0,1,晴,8,1
2020/4/3,12.1,8,1,18.9,8,2020/4/3 15:16,8,1,5.1,8,2020/4/3 5:52,8,1,0,1,8,1,11.4,0,8,1,0,1,8,1,3,8,1,7,8,1,50,8,1,1015.8,8,1,,0,1,晴,8,1
2020/4/4,14.8,8,1,23.1,8,2020/4/4 15:03,8,1,7.6,8,2020/4/4 5:40,8,1,0,1,8,1,10.6,0,8,1,0,1,8,1,2.4,8,1,9.1,8,1,56,8,1,1009.4,8,1,,0,1,晴,8,1
2020/4/5,10.3,8,1,14.6,8,2020/4/5 10:31,8,1,7.6,8,2020/4/6 0:00,8,1,0,0,8,1,5.5,0,8,1,0,1,8,1,2.9,8,1,7,8,1,56,8,1,1007.8,8,1,,0,1,曇後晴一時雨,8,1
2020/4/6,11.2,8,1,17.6,8,2020/4/6 14:36,8,1,4.5,8,2020/4/6 5:35,8,1,0,1,8,1,12.4,0,8,1,0,1,8,1,4.4,8,1,5.2,8,1,41,8,1,1010.3,8,1,,0,1,晴,8,1
2020/4/7,12,8,1,18.1,8,2020/4/7 15:01,8,1,6.1,8,2020/4/7 6:02,8,1,0,1,8,1,10,0,8,1,0,1,8,1,2.9,8,1,6.6,8,1,48,8,1,1009.8,8,1,,0,1,晴時々曇,8,1
2020/4/8,13.5,8,1,20.6,8,2020/4/8 15:30,8,1,6.4,8,2020/4/8 5:28,8,1,0,1,8,1,11.3,0,8,1,0,1,8,1,2.1,8,1,8.8,8,1,59,8,1,1008.7,8,1,,0,1,晴,8,1
2020/4/9,12.3,8,1,18.9,8,2020/4/9 12:39,8,1,7.5,8,2020/4/9 23:54,8,1,4,0,8,1,6.6,0,8,1,0,1,8,1,3.2,8,1,8,8,1,60,8,1,1012,8,1,,0,1,晴後雨時々曇、雷を伴う,8,1
2020/4/10,10.1,8,1,15.4,8,2020/4/10 13:08,8,1,6.3,8,2020/4/10 5:45,8,1,0,1,8,1,12.2,0,8,1,0,1,8,1,5,8,1,6.3,8,1,53,8,1,1014.2,8,1,,0,1,晴,8,1
2020/4/11,11,8,1,17.2,8,2020/4/11 15:12,8,1,4.2,8,2020/4/11 5:22,8,1,8,0,8,1,10.3,0,8,1,0,1,8,1,4.1,8,1,6.2,8,1,49,8,1,1014.4,8,1,,0,1,晴後一時雨一時曇,8,1
2020/4/12,10.4,8,1,15,8,2020/4/12 13:15,8,1,6.8,8,2020/4/12 1:23,8,1,1.5,0,8,1,1.9,0,8,1,0,1,8,1,1.8,8,1,9.7,8,1,78,8,1,1010.6,8,1,,0,1,曇一時雨,8,1
2020/4/13,8.8,8,1,11.2,8,2020/4/13 16:23,8,1,7.5,8,2020/4/13 21:33,8,1,58,0,8,1,0,0,8,1,0,1,8,1,2.6,8,1,10.2,8,1,90,8,1,993.6,8,1,,0,1,大雨、雷を伴う,8,1
2020/4/14,10.8,8,1,15.7,8,2020/4/14 14:15,8,1,7.6,8,2020/4/14 1:29,8,1,0,0,8,1,12.6,0,8,1,0,1,8,1,7.4,8,1,5.9,8,1,47,8,1,1001.7,8,1,,0,1,晴,8,1
2020/4/15,14,8,1,22.3,8,2020/4/15 14:37,8,1,5.2,8,2020/4/15 5:17,8,1,0,1,8,1,10.9,0,8,1,0,1,8,1,2.8,8,1,7.2,8,1,45,8,1,1007.9,8,1,,0,1,晴後一時曇,8,1
2020/4/16,11.9,8,1,16.9,8,2020/4/16 12:51,8,1,8.5,8,2020/4/16 4:42,8,1,0,0,8,1,8.2,0,8,1,0,1,8,1,3.6,8,1,9,8,1,65,8,1,1013.5,8,1,,0,1,晴時々曇,8,1
2020/4/17,12.2,8,1,17.5,8,2020/4/17 15:15,8,1,7.8,8,2020/4/17 5:21,8,1,0,0,8,1,5,0,8,1,0,1,8,1,2.5,8,1,9,8,1,64,8,1,1020.5,8,1,,0,1,曇,8,1
2020/4/18,12.5,8,1,15.4,8,2020/4/18 14:02,8,1,10.3,8,2020/4/18 3:24,8,1,76.5,0,8,1,1.2,0,8,1,0,1,8,1,4.1,8,1,12.4,8,1,86,8,1,1005.6,8,1,,0,1,大雨後一時晴、雷を伴う,8,1
2020/4/19,15.6,8,1,22.5,8,2020/4/19 14:37,8,1,8.5,8,2020/4/19 3:39,8,1,0,1,8,1,11.8,0,8,1,0,1,8,1,4.5,8,1,9.4,8,1,54,8,1,1008.7,8,1,,0,1,晴,8,1
2020/4/20,10,8,1,11.8,8,2020/4/20 19:34,8,1,8.5,8,2020/4/20 8:45,8,1,4.5,0,8,1,0,0,8,1,0,1,8,1,2.1,8,1,10.7,8,1,87,8,1,1008.3,8,1,,0,1,雨時々曇,8,1
2020/4/21,14.6,8,1,20.8,8,2020/4/21 15:20,8,1,8.1,8,2020/4/21 5:20,8,1,0,1,8,1,7.6,0,8,1,0,1,8,1,2.1,8,1,12.7,8,1,77,8,1,1002.9,8,1,,0,1,曇時々晴,8,1
2020/4/22,13.2,8,1,18.2,8,2020/4/22 11:02,8,1,9.2,8,2020/4/23 0:00,8,1,0,0,8,1,3.4,0,8,1,0,1,8,1,2.5,8,1,8.8,8,1,57,8,1,1000.8,8,1,,0,1,曇時々晴,8,1
2020/4/23,12.2,8,1,18.4,8,2020/4/23 13:37,8,1,6.2,8,2020/4/23 4:49,8,1,0,0,8,1,9.5,0,8,1,0,1,8,1,3.2,8,1,6.2,8,1,44,8,1,1003.5,8,1,,0,1,晴後雨時々曇,8,1
2020/4/24,11.4,8,1,18.8,8,2020/4/24 12:58,8,1,6.2,8,2020/4/24 23:56,8,1,3,0,8,1,5.7,0,8,1,0,1,8,1,3.3,8,1,7.4,8,1,57,8,1,1006.6,8,1,,0,1,曇時々晴一時雨、雷を伴う,8,1
2020/4/25,12,8,1,19.6,8,2020/4/25 14:33,8,1,4.3,8,2020/4/25 5:34,8,1,0,1,8,1,12.7,0,8,1,0,1,8,1,2.8,8,1,8.8,8,1,66,8,1,1012.8,8,1,,0,1,晴,8,1
2020/4/26,16.5,8,1,25.2,8,2020/4/26 16:13,8,1,6.9,8,2020/4/26 5:15,8,1,0,0,8,1,11.6,0,8,1,0,1,8,1,2,8,1,9.9,8,1,58,8,1,1008.9,8,1,,0,1,晴後一時曇,8,1
2020/4/27,13.2,8,1,17.6,8,2020/4/27 12:31,8,1,10.1,8,2020/4/27 23:59,8,1,0,0,8,1,4.7,0,8,1,0,1,8,1,2.6,8,1,11,8,1,74,8,1,1012.5,8,1,,0,1,曇時々晴一時雨,8,1
2020/4/28,13.2,8,1,19.6,8,2020/4/28 14:14,8,1,8.8,8,2020/4/28 4:50,8,1,0.5,0,8,1,6.4,0,8,1,0,1,8,1,2,8,1,10.7,8,1,73,8,1,1013.8,8,1,,0,1,曇時々晴、雷を伴う,8,1
2020/4/29,15.6,8,1,23.1,8,2020/4/29 14:31,8,1,7.5,8,2020/4/29 5:14,8,1,0,1,8,1,12.4,0,8,1,0,1,8,1,2.2,8,1,10.3,8,1,59,8,1,1014.5,8,1,,0,1,晴,8,1
2020/4/30,18,8,1,24.8,8,2020/4/30 14:23,8,1,10.5,8,2020/4/30 4:41,8,1,0,1,8,1,11.5,0,8,1,0,1,8,1,2.2,8,1,12.5,8,1,62,8,1,1015,8,1,,0,1,晴,8,1
2020/5/1,19.3,8,1,27.1,8,2020/5/1 14:55,8,1,12.3,8,2020/5/1 4:19,8,1,0,1,8,1,9.3,0,8,1,0,1,8,1,1.9,8,1,14.8,8,1,69,8,1,1010,8,1,,0,1,晴時々曇,8,1
2020/5/2,22.3,8,1,31.4,8,2020/5/2 14:32,8,1,13.5,8,2020/5/2 5:05,8,1,0,1,8,1,12.5,0,8,1,0,1,8,1,2.1,8,1,16.4,8,1,65,8,1,1008.3,8,1,,0,1,晴,8,1
2020/5/3,21.8,8,1,29.3,8,2020/5/3 12:28,8,1,16,8,2020/5/3 5:23,8,1,0,1,8,1,7.3,0,8,1,0,1,8,1,2.4,8,1,16.5,8,1,65,8,1,1008.3,8,1,,0,1,曇時々晴,8,1
2020/5/4,19.9,8,1,23.6,8,2020/5/4 15:24,8,1,16.9,8,2020/5/4 6:19,8,1,1.5,0,8,1,1.5,0,8,1,0,1,8,1,1.5,8,1,18.1,8,1,79,8,1,1004.3,8,1,,0,1,曇時々雨,8,1
2020/5/5,20.8,8,1,29.3,8,2020/5/5 13:08,8,1,15,8,2020/5/5 23:13,8,1,7.5,0,8,1,7.4,0,8,1,0,1,8,1,3,8,1,17,8,1,72,8,1,1005.7,8,1,,0,1,晴後雨時々曇,8,1
2020/5/6,15.1,8,1,17,8,2020/5/6 10:42,8,1,12.2,8,2020/5/6 23:57,8,1,17.5,0,8,1,0,0,8,1,0,1,8,1,1.3,8,1,15.2,8,1,89,8,1,1008.6,8,1,,0,1,雨時々曇、雷を伴う,8,1
2020/5/7,16.3,8,1,21.9,8,2020/5/7 14:40,8,1,11.5,8,2020/5/8 0:00,8,1,0,1,8,1,13.3,0,8,1,0,1,8,1,5.1,8,1,8,8,1,45,8,1,1011.4,8,1,,0,1,晴,8,1
2020/5/8,16.1,8,1,24.3,8,2020/5/8 15:04,8,1,9.8,8,2020/5/8 5:05,8,1,0,1,8,1,10.9,0,8,1,0,1,8,1,2.7,8,1,7.7,8,1,45,8,1,1017.4,8,1,,0,1,晴時々曇,8,1
2020/5/9,15.2,8,1,19.8,8,2020/5/9 14:49,8,1,10.4,8,2020/5/9 5:05,8,1,1.5,0,8,1,0.9,0,8,1,0,1,8,1,1.3,8,1,11.8,8,1,69,8,1,1014.1,8,1,,0,1,曇後一時雨,8,1
2020/5/10,19.7,8,1,25.9,8,2020/5/10 15:45,8,1,14.1,8,2020/5/10 4:42,8,1,0,0,8,1,4.2,0,8,1,0,1,8,1,1.3,8,1,17.2,8,1,75,8,1,1001.8,8,1,,0,1,曇時々雨一時晴,8,1
2020/5/11,24.7,8,1,31.9,8,2020/5/11 14:48,8,1,18.9,8,2020/5/11 4:41,8,1,0,0,8,1,12.5,0,8,1,0,1,8,1,2.5,8,1,19.4,8,1,65,8,1,998.1,8,1,,0,1,晴一時曇,8,1
2020/5/12,21,8,1,24.5,8,2020/5/12 15:48,8,1,17.6,8,2020/5/12 5:20,8,1,0,1,8,1,0.7,0,8,1,0,1,8,1,1.9,8,1,17.1,8,1,69,8,1,1001.8,8,1,,0,1,曇後一時晴,8,1
2020/5/13,21.2,8,1,29.1,8,2020/5/13 13:18,8,1,15.9,8,2020/5/13 4:51,8,1,0,1,8,1,12.1,0,8,1,0,1,8,1,2.8,8,1,12.7,8,1,53,8,1,1002.6,8,1,,0,1,晴、雷を伴う,8,1
2020/5/14,21.2,8,1,28.8,8,2020/5/14 15:09,8,1,12.3,8,2020/5/14 3:23,8,1,0,1,8,1,13.3,0,8,1,0,1,8,1,2.5,8,1,7.7,8,1,32,8,1,1012.3,8,1,,0,1,晴後一時曇,8,1
2020/5/15,22.1,8,1,29.5,8,2020/5/15 13:57,8,1,14.3,8,2020/5/15 5:35,8,1,0,0,8,1,8.6,0,8,1,0,1,8,1,2.4,8,1,10.5,8,1,40,8,1,1013.9,8,1,,0,1,曇時々晴,8,1
2020/5/16,18.8,8,1,22.4,8,2020/5/16 10:41,8,1,17,8,2020/5/16 23:42,8,1,7.5,0,8,1,0,0,8,1,0,1,8,1,1.8,8,1,16.9,8,1,79,8,1,1006.5,8,1,,0,1,雨時々曇,8,1
2020/5/17,22.8,8,1,31.7,8,2020/5/17 15:25,8,1,15.7,8,2020/5/17 5:15,8,1,0,1,8,1,12,0,8,1,0,1,8,1,2.3,8,1,18.2,8,1,69,8,1,999.1,8,1,,0,1,晴,8,1
2020/5/18,19.1,8,1,22.1,8,2020/5/18 10:28,8,1,17.6,8,2020/5/18 21:17,8,1,1.5,0,8,1,0,0,8,1,0,1,8,1,2.7,8,1,19,8,1,87,8,1,1004.9,8,1,,0,1,曇後時々雨,8,1
2020/5/19,17.8,8,1,21.3,8,2020/5/19 14:12,8,1,13.5,8,2020/5/20 0:00,8,1,57,0,8,1,0,0,8,1,0,1,8,1,2.6,8,1,18.6,8,1,91,8,1,997.2,8,1,,0,1,雨後時々曇,8,1
2020/5/20,12.6,8,1,15.7,8,2020/5/20 12:49,8,1,10.1,8,2020/5/20 22:51,8,1,6,0,8,1,0.1,0,8,1,0,1,8,1,2.9,8,1,12.5,8,1,86,8,1,1004.7,8,1,,0,1,曇時々雨,8,1
2020/5/21,12.6,8,1,15.6,8,2020/5/21 13:06,8,1,10.2,8,2020/5/21 1:51,8,1,1.5,0,8,1,0,0,8,1,0,1,8,1,1.3,8,1,12.9,8,1,88,8,1,1012.5,8,1,,0,1,曇時々雨,8,1
2020/5/22,16.3,8,1,20.5,8,2020/5/22 14:03,8,1,12.2,8,2020/5/22 4:19,8,1,0.5,0,8,1,0.6,0,8,1,0,1,8,1,1.6,8,1,14.9,8,1,81,8,1,1014.4,8,1,,0,1,曇一時雨,8,1
2020/5/23,19.8,8,1,25.2,8,2020/5/23 14:03,8,1,15,8,2020/5/23 2:43,8,1,0,0,8,1,2.1,0,8,1,0,1,8,1,2,8,1,17.4,8,1,77,8,1,1010.8,8,1,,0,1,曇時々雨,8,1
2020/5/24,21.8,8,1,27.5,8,2020/5/24 14:10,8,1,17.9,8,2020/5/24 5:18,8,1,0,0,8,1,7.1,0,8,1,0,1,8,1,2.8,8,1,17.5,8,1,69,8,1,1010.4,8,1,,0,1,曇一時雨後晴,8,1
2020/5/25,22.3,8,1,28.1,8,2020/5/25 14:31,8,1,17.8,8,2020/5/25 3:03,5,1,0,1,8,1,7.7,0,5,1,0,1,8,1,2.2,5,1,18.4,8,1,69,8,1,1006.6,8,1,,0,1,曇後時々晴,8,1
2020/5/26,21.5,8,1,25.7,8,2020/5/26 13:40,8,1,18.5,8,2020/5/26 22:46,8,1,12.5,0,8,1,0.5,0,8,1,0,1,8,1,1.9,8,1,20.5,8,1,81,8,1,1004.4,8,1,,0,1,曇時々雨,8,1
2020/5/27,21.7,8,1,26.8,8,2020/5/27 15:17,8,1,17.8,8,2020/5/27 6:15,8,1,0.5,0,8,1,8.3,0,8,1,0,1,8,1,2,8,1,19,8,1,74,8,1,999.8,8,1,,0,1,曇時々晴一時雨,8,1
2020/5/28,21.2,8,1,26.8,8,2020/5/28 13:18,8,1,15.3,8,2020/5/28 23:49,8,1,4.5,0,8,1,9.3,0,8,1,0,1,8,1,3.3,8,1,13.7,8,1,56,8,1,1003.6,8,1,,0,1,晴時々曇、雷を伴う,8,1
2020/5/29,21.7,8,1,29.3,8,2020/5/29 14:24,8,1,14.3,8,2020/5/29 4:52,8,1,0,1,8,1,12.6,0,8,1,0,1,8,1,2.2,8,1,14.3,8,1,61,8,1,1009.5,8,1,,0,1,晴,8,1
2020/5/30,22.6,8,1,29.5,8,2020/5/30 13:52,8,1,16.9,8,2020/5/30 4:40,8,1,0,1,8,1,11.9,0,8,1,0,1,8,1,2.7,8,1,15.6,8,1,59,8,1,1015.7,8,1,,0,1,晴後時々曇、雷を伴う,8,1
2020/5/31,21.3,8,1,25.2,8,2020/5/31 13:30,8,1,17.8,8,2020/5/31 2:20,8,1,0,0,8,1,0.2,0,8,1,0,1,8,1,2.5,8,1,16.9,8,1,68,8,1,1014.7,8,1,,0,1,曇後時々雨,8,1
2020/6/1,19.8,8,1,21.7,8,2020/6/1 15:50,8,1,18.4,8,2020/6/1 23:57,8,1,0.5,0,8,1,0,0,8,1,0,1,8,1,1.7,8,1,19.4,8,1,84,8,1,1009,8,1,,0,1,曇時々雨,8,1
2020/6/2,23.2,8,1,29,8,2020/6/2 15:54,8,1,18.2,8,2020/6/2 2:58,8,1,1,0,8,1,5.9,0,8,1,0,1,8,1,2.4,8,1,21.7,8,1,78,8,1,1003.2,8,1,,0,1,曇時々雨一時晴,8,1
2020/6/3,25.1,8,1,30.5,8,2020/6/3 14:57,8,1,20,8,2020/6/3 5:06,8,1,0,0,8,1,9.5,0,8,1,0,1,8,1,2.4,8,1,20.1,8,1,64,8,1,1001.7,8,1,,0,1,晴時々曇,8,1
2020/6/4,24.5,8,1,29.1,8,2020/6/4 15:53,8,1,19.9,8,2020/6/4 4:48,8,1,0,1,8,1,6.3,0,8,1,0,1,8,1,2,8,1,22.2,8,1,74,8,1,1001.9,8,1,,0,1,曇後一時晴,8,1
2020/6/5,25.5,8,1,32.3,8,2020/6/5 14:59,8,1,20.2,8,2020/6/5 4:56,8,1,0,1,8,1,9.1,0,8,1,0,1,8,1,2.5,8,1,22.5,8,1,71,8,1,1001.5,8,1,,0,1,晴時々曇,8,1
2020/6/6,23.8,8,1,29.7,8,2020/6/6 13:45,8,1,17.9,8,2020/6/6 16:48,8,1,74.5,0,8,1,1.9,0,8,1,0,1,8,1,2.1,8,1,22.7,8,1,79,8,1,1003.4,8,1,,0,1,曇後一時大雨、雷を伴う,8,1
2020/6/7,22.7,8,1,28.4,8,2020/6/7 14:14,8,1,19.3,8,2020/6/7 4:13,8,1,0,0,8,1,8.5,0,8,1,0,1,8,1,2.7,8,1,18.3,8,1,68,8,1,1006.3,8,1,,0,1,曇一時雨後晴,8,1
2020/6/8,24,8,1,30.4,8,2020/6/8 16:03,8,1,18.8,8,2020/6/8 5:09,8,1,0,1,8,1,11.8,0,8,1,0,1,8,1,2.2,8,1,19.3,8,1,66,8,1,1012.6,8,1,,0,1,晴,8,1
2020/6/9,26.5,8,1,33.7,8,2020/6/9 13:39,8,1,19.9,8,2020/6/9 3:18,8,1,0,1,8,1,12.5,0,8,1,0,1,8,1,2.2,8,1,21.8,8,1,66,8,1,1014.1,8,1,,0,1,晴,8,1
2020/6/10,27.4,8,1,34.3,8,2020/6/10 13:59,8,1,21,8,2020/6/10 3:54,8,1,0,0,8,1,10.8,0,8,1,0,1,8,1,2.3,8,1,22.7,8,1,65,8,1,1010.2,8,1,,0,1,晴後一時曇、雷を伴う,8,1
2020/6/11,25.3,8,1,34.9,8,2020/6/11 12:16,8,1,22.3,8,2020/6/11 23:58,8,1,10,0,8,1,4.6,0,8,1,0,1,8,1,2.2,8,1,26.8,8,1,84,8,1,1002.3,8,1,,0,1,曇時々晴後雨、雷を伴う,8,1
2020/6/12,25.9,8,1,32.9,8,2020/6/12 13:28,8,1,21.5,8,2020/6/12 4:56,8,1,1,0,8,1,5.1,0,8,1,0,1,8,1,1.8,8,1,26.9,8,1,81,8,1,1000.9,8,1,,0,1,曇時々晴後雨、雷を伴う,8,1
2020/6/13,21.3,8,1,24.9,8,2020/6/13 0:04,8,1,19.9,8,2020/6/14 0:00,8,1,38,0,8,1,0,0,8,1,0,1,8,1,1.8,8,1,24,8,1,95,8,1,1004.4,8,1,,0,1,大雨,8,1
2020/6/14,21.6,8,1,23.5,8,2020/6/14 15:00,8,1,19.4,8,2020/6/14 3:41,8,1,2,0,8,1,0,0,8,1,0,1,8,1,1.1,8,1,24,8,1,93,8,1,1001.8,8,1,,0,1,曇後時々雨,8,1
2020/6/15,28.1,8,1,34,8,2020/6/15 13:49,8,1,21,8,2020/6/15 3:38,8,1,0,1,8,1,8,0,8,1,0,1,8,1,2.4,8,1,23,8,1,64,8,1,996.5,8,1,,0,1,曇時々晴,8,1
2020/6/16,26.3,8,1,32.6,8,2020/6/16 15:20,8,1,20.3,8,2020/6/16 23:18,8,1,0.5,0,8,1,10.9,0,8,1,0,1,8,1,2.7,8,1,21,8,1,64,8,1,997.1,8,1,,0,1,晴一時曇後一時雨、雷を伴う,8,1
2020/6/17,24.5,8,1,31.4,8,2020/6/17 14:38,8,1,19.4,8,2020/6/17 2:34,8,1,0,1,8,1,11.7,0,8,1,0,1,8,1,3.2,8,1,17.2,8,1,57,8,1,1002.6,8,1,,0,1,晴後一時曇,8,1
2020/6/18,22.6,8,1,26.2,8,2020/6/18 13:17,8,1,19.3,8,2020/6/18 23:46,8,1,3,0,8,1,0.3,0,8,1,0,1,8,1,2,8,1,20.8,8,1,77,8,1,1003.5,8,1,,0,1,曇後一時雨,8,1
2020/6/19,18.9,8,1,20.3,8,2020/6/19 0:04,8,1,17.5,8,2020/6/19 8:36,8,1,25.5,0,8,1,0,0,8,1,0,1,8,1,1.5,8,1,20.8,8,1,95,8,1,998.9,8,1,,0,1,雨,8,1
2020/6/20,24.2,8,1,30.7,8,2020/6/20 15:39,8,1,17.1,8,2020/6/20 4:40,8,1,0,1,8,1,12.7,0,8,1,0,1,8,1,2.5,8,1,18.8,8,1,67,8,1,1003.2,8,1,,0,1,晴,8,1
2020/6/21,21.1,8,1,24.7,8,2020/6/21 15:18,8,1,18.1,8,2020/6/21 7:55,8,1,0.5,0,8,1,0.3,0,8,1,0,1,8,1,2.3,8,1,19.7,8,1,79,8,1,1008.7,8,1,,0,1,曇時々雨,8,1
2020/6/22,19.7,8,1,20.9,8,2020/6/22 10:51,8,1,18.2,8,2020/6/22 20:22,8,1,9.5,0,8,1,0,0,8,1,0,1,8,1,2,8,1,20.9,8,1,91,8,1,1006.6,8,1,,0,1,雨時々曇,8,1
2020/6/23,21.9,8,1,26.9,8,2020/6/23 16:18,8,1,18.6,8,2020/6/23 4:51,8,1,12,0,8,1,0.7,0,8,1,0,1,8,1,2.4,8,1,23.2,8,1,88,8,1,1006.6,8,1,,0,1,雨時々曇一時晴,8,1
2020/6/24,22.4,8,1,25.3,8,2020/6/24 11:44,8,1,19.7,8,2020/6/25 0:00,8,1,0.5,0,8,1,0.1,0,8,1,0,1,8,1,2.9,8,1,22.8,8,1,84,8,1,1009.6,8,1,,0,1,曇,8,1
2020/6/25,21.1,8,1,25.6,8,2020/6/25 16:10,8,1,18,8,2020/6/25 7:01,8,1,8,0,8,1,1.2,0,8,1,0,1,8,1,1.9,8,1,22.5,8,1,90,8,1,1006,8,1,,0,1,曇時々雨,8,1
2020/6/26,23.2,8,1,27.9,8,2020/6/26 16:19,8,1,19.7,8,2020/6/26 6:28,8,1,0.5,0,8,1,1.9,0,8,1,0,1,8,1,1.6,8,1,25.2,8,1,89,8,1,1001.3,8,1,,0,1,曇後一時雨一時晴,8,1
2020/6/27,26.6,8,1,30.7,8,2020/6/27 15:19,8,1,23.2,8,2020/6/27 4:01,8,1,0,0,8,1,2.6,0,8,1,0,1,8,1,1.9,8,1,27.6,8,1,80,8,1,1000.7,8,1,,0,1,曇一時雨,8,1
2020/6/28,23.1,8,1,27,8,2020/6/28 16:19,8,1,21,8,2020/6/28 10:45,8,1,67,0,8,1,2.7,0,8,1,0,1,8,1,2.1,8,1,24.7,8,1,88,8,1,997.6,8,1,,0,1,大雨後曇時々晴,8,1
2020/6/29,25.7,8,1,30.3,8,2020/6/29 15:22,8,1,20.1,8,2020/6/29 3:29,8,1,0,1,8,1,9.4,0,8,1,0,1,8,1,2.7,8,1,19.9,8,1,61,8,1,1002.5,8,1,,0,1,晴後時々曇,8,1
2020/6/30,23.6,8,1,25.6,8,2020/6/30 12:17,8,1,22.5,8,2020/6/30 23:57,8,1,5,0,8,1,0,0,8,1,0,1,8,1,2,8,1,26.2,8,1,90,8,1,1000.8,8,1,,0,1,雨時々曇,8,1
2020/7/1,24.6,8,1,27.8,8,2020/7/1 14:10,8,1,22.1,8,2020/7/1 5:19,8,1,16.5,0,8,1,0,0,8,1,0,1,8,1,2.2,8,1,27.6,8,1,90,8,1,997.7,8,1,,0,1,曇,8,1
2020/7/2,26.9,8,1,33.8,8,2020/7/2 15:10,8,1,22,8,2020/7/2 2:31,8,1,0,0,8,1,7.9,0,8,1,0,1,8,1,2.2,8,1,25.4,8,1,75,8,1,1002.1,8,1,,0,1,晴時々曇,8,1
2020/7/3,23.9,8,1,29.2,8,2020/7/3 12:34,8,1,19.4,8,2020/7/3 23:57,8,1,7,0,8,1,1.2,0,8,1,0,1,8,1,2.7,8,1,23.2,8,1,79,8,1,1010.3,8,1,,0,1,曇後時々雨,8,1
2020/7/4,21.8,8,1,24.6,8,2020/7/4 15:46,8,1,18.8,8,2020/7/4 4:45,8,1,21,0,8,1,0.1,0,8,1,0,1,8,1,1.7,8,1,23.7,8,1,91,8,1,1002.1,8,1,,0,1,曇一時雨,8,1
2020/7/5,24.5,8,1,28.2,8,2020/7/5 17:08,8,1,21.2,8,2020/7/5 4:46,8,1,0,0,8,1,1.4,0,8,1,0,1,8,1,1.8,8,1,26.5,8,1,86,8,1,1002,8,1,,0,1,曇後一時雨一時晴,8,1
2020/7/6,23.8,8,1,25.7,8,2020/7/6 16:17,8,1,22.2,8,2020/7/6 3:23,8,1,10.5,0,8,1,0,0,8,1,0,1,8,1,1.4,8,1,28.1,8,1,95,8,1,1004.1,8,1,,0,1,雨時々曇,8,1
2020/7/7,26.3,8,1,29.3,8,2020/7/7 16:10,8,1,23,8,2020/7/7 0:23,8,1,0.5,0,8,1,0.7,0,8,1,0,1,8,1,1.1,8,1,30,8,1,88,8,1,1002.6,8,1,,0,1,曇後時々雨,8,1
2020/7/8,25.4,8,1,29.2,8,2020/7/8 16:13,8,1,21.6,8,2020/7/8 10:20,8,1,11,0,8,1,1,0,8,1,0,1,8,1,2,8,1,28.4,8,1,88,8,1,1000.9,8,1,,0,1,曇時々雨、雷を伴う,8,1
2020/7/9,24.4,8,1,27.2,8,2020/7/9 14:40,8,1,22.9,8,2020/7/9 22:24,8,1,9.5,0,8,1,0,0,8,1,0,1,8,1,1.5,8,1,28.2,8,1,93,8,1,1005.3,8,1,,0,1,雨時々曇,8,1
2020/7/10,24.4,8,1,26.2,8,2020/7/10 17:30,8,1,22.6,8,2020/7/10 4:52,8,1,0.5,0,8,1,0,0,8,1,0,1,8,1,1.1,8,1,28.1,8,1,92,8,1,1007.3,8,1,,0,1,雨後時々曇,8,1
2020/7/11,24.8,8,1,27.7,8,2020/7/11 16:26,8,1,23.1,8,2020/7/11 0:41,8,1,5,0,8,1,0.1,0,8,1,0,1,8,1,1.2,8,1,29.2,8,1,93,8,1,1001.7,8,1,,0,1,雨時々曇,8,1
2020/7/12,26.7,8,1,33.1,8,2020/7/12 13:55,8,1,21.1,8,2020/7/13 0:00,8,1,0,1,8,1,8.6,0,8,1,0,1,8,1,2.5,8,1,24.8,8,1,73,8,1,1000.4,8,1,,0,1,曇時々晴,8,1
2020/7/13,21.6,8,1,25.2,8,2020/7/13 11:55,8,1,19.7,8,2020/7/13 4:42,8,1,1.5,0,8,1,0.5,0,8,1,0,1,8,1,3,8,1,21.6,8,1,84,8,1,1006.8,8,1,,0,1,曇後時々雨,8,1
2020/7/14,21.5,8,1,23,8,2020/7/14 18:27,8,1,19.9,8,2020/7/14 6:26,8,1,4.5,0,8,1,0,0,8,1,0,1,8,1,1.6,8,1,24.1,8,1,94,8,1,999,8,1,,0,1,雨後曇,8,1
2020/7/15,20.9,8,1,24.4,8,2020/7/15 11:36,8,1,17.6,8,2020/7/16 0:00,8,1,23,0,8,1,0.5,0,8,1,0,1,8,1,2.5,8,1,22.5,8,1,92,8,1,997.4,8,1,,0,1,曇時々雨,8,1
2020/7/16,20.7,8,1,24.8,8,2020/7/16 12:30,8,1,17.2,8,2020/7/16 3:09,8,1,0.5,0,8,1,0.3,0,8,1,0,1,8,1,1.7,8,1,20.9,8,1,86,8,1,1003.7,8,1,,0,1,曇後一時雨,8,1
2020/7/17,20.4,8,1,22.2,8,2020/7/17 17:05,8,1,19,8,2020/7/17 6:17,8,1,2.5,0,8,1,0,0,8,1,0,1,8,1,1.3,8,1,22,8,1,92,8,1,1007.7,8,1,,0,1,雨時々曇,8,1
2020/7/18,21.2,8,1,23.3,8,2020/7/18 13:28,8,1,19.7,8,2020/7/18 3:30,8,1,1.5,0,8,1,0,0,8,1,0,1,8,1,1.1,8,1,24.2,8,1,96,8,1,1008.2,8,1,,0,1,雨時々曇,8,1
2020/7/19,25.5,8,1,32.3,8,2020/7/19 15:12,8,1,20.2,8,2020/7/19 2:04,8,1,0,0,8,1,8,0,8,1,0,1,8,1,2,8,1,26.2,8,1,82,8,1,1007.4,8,1,,0,1,曇一時雨後晴,8,1
2020/7/20,26.9,8,1,33.4,8,2020/7/20 14:44,8,1,22.5,8,2020/7/20 23:36,8,1,8,0,8,1,7.1,0,8,1,0,1,8,1,2.1,8,1,27.8,8,1,80,8,1,1008,8,1,,0,1,曇一時晴、雷を伴う,8,1
2020/7/21,24.7,8,1,27.9,8,2020/7/21 15:25,8,1,22.1,8,2020/7/21 5:17,8,1,3.5,0,8,1,0,0,8,1,0,1,8,1,1.6,8,1,28.4,8,1,91,8,1,1008.3,8,1,,0,1,曇時々雨,8,1
2020/7/22,27.2,8,1,31.6,8,2020/7/22 15:13,8,1,24.4,8,2020/7/22 5:23,8,1,4.5,0,8,1,4.2,0,8,1,0,1,8,1,2,8,1,30.4,8,1,85,8,1,1005,8,1,,0,1,曇時々雨一時晴、雷を伴う,8,1
2020/7/23,23.1,8,1,24.7,8,2020/7/23 0:33,8,1,21.4,8,2020/7/23 18:20,8,1,16.5,0,8,1,0,0,8,1,0,1,8,1,1.5,8,1,27,8,1,96,8,1,1005.2,8,1,,0,1,雨後一時曇,8,1
2020/7/24,24.3,8,1,27.5,8,2020/7/24 15:49,8,1,20.7,8,2020/7/24 4:30,8,1,2,0,8,1,0,0,8,1,0,1,8,1,1.2,8,1,27.3,8,1,90,8,1,1006.4,8,1,,0,1,雨時々曇,8,1
2020/7/25,24.3,8,1,27.1,8,2020/7/25 14:47,8,1,22.5,8,2020/7/25 5:45,8,1,38.5,0,8,1,0.2,0,8,1,0,1,8,1,1.1,8,1,29.4,8,1,97,8,1,1007.7,8,1,,0,1,雨後時々曇,8,1
2020/7/26,24.9,8,1,28,8,2020/7/26 12:12,8,1,23.7,8,2020/7/26 5:00,8,1,26.5,0,8,1,0.3,0,8,1,0,1,8,1,1,8,1,30.4,8,1,96,8,1,1010.4,8,1,,0,1,雨時々曇,8,1
2020/7/27,25.3,8,1,27.6,8,2020/7/27 15:27,8,1,23.8,8,2020/7/27 23:55,8,1,7,0,8,1,0.2,0,8,1,0,1,8,1,1.1,8,1,30.3,8,1,94,8,1,1010.2,8,1,,0,1,雨時々曇,8,1
2020/7/28,25.2,8,1,27.2,8,2020/7/28 13:06,8,1,23.2,8,2020/7/28 5:29,8,1,2.5,0,8,1,0,0,8,1,0,1,8,1,0.9,8,1,30.2,8,1,94,8,1,1006.5,8,1,,0,1,雨時々曇,8,1
2020/7/29,22.6,8,1,25.5,8,2020/7/29 12:25,8,1,20.7,8,2020/7/29 23:44,8,1,0.5,0,8,1,0,0,8,1,0,1,8,1,2.4,8,1,25.4,8,1,93,8,1,1010.2,8,1,,0,1,雨時々曇,8,1
2020/7/30,23.1,8,1,26.6,8,2020/7/30 14:35,8,1,20,8,2020/7/30 7:32,8,1,0,0,8,1,0.3,0,8,1,0,1,8,1,1.7,8,1,23.8,8,1,85,8,1,1012.2,8,1,,0,1,曇一時雨,8,1
2020/7/31,25.5,8,1,29.9,8,2020/7/31 16:03,8,1,21.7,8,2020/7/31 6:08,8,1,2,0,8,1,4,0,8,1,0,1,8,1,1.7,8,1,26.9,8,1,83,8,1,1008.5,8,1,,0,1,曇時々雨後晴,8,1
2020/8/1,26.3,8,1,32.2,8,2020/8/1 13:04,8,1,22.4,8,2020/8/1 5:18,8,1,6,0,8,1,5.5,0,8,1,0,1,8,1,2.1,8,1,25.9,8,1,77,8,1,1008.7,8,1,,0,1,晴一時雨後曇,8,1
2020/8/2,26.1,8,1,31.7,8,2020/8/2 15:03,8,1,22,8,2020/8/2 3:50,8,1,0,1,8,1,6,0,8,1,0,1,8,1,1.9,8,1,25,8,1,75,8,1,1010.4,8,1,,0,1,曇時々晴,8,1
2020/8/3,27.8,8,1,34.2,8,2020/8/3 15:12,8,1,22.3,8,2020/8/3 5:00,8,1,0,1,8,1,8.6,0,8,1,0,1,8,1,2.1,8,1,26.6,8,1,73,8,1,1010.1,8,1,,0,1,晴時々曇,8,1
2020/8/4,29.2,8,1,35.2,8,2020/8/4 15:59,8,1,25.1,8,2020/8/4 5:07,8,1,0,1,8,1,9.8,0,8,1,0,1,8,1,2.2,8,1,29.3,8,1,74,8,1,1011.1,8,1,,0,1,晴一時曇,8,1
2020/8/5,30.2,8,1,36.2,8,2020/8/5 15:50,8,1,26.4,8,2020/8/5 5:47,8,1,0,1,8,1,9.2,0,8,1,0,1,8,1,2,8,1,29.9,8,1,71,8,1,1012.3,8,1,,0,1,晴時々曇,8,1
2020/8/6,29.4,8,1,35.7,8,2020/8/6 14:07,8,1,25.5,8,2020/8/6 2:40,8,1,0,1,8,1,7.4,0,8,1,0,1,8,1,2.3,8,1,29.7,8,1,74,8,1,1009.2,8,1,,0,1,曇時々晴,8,1
2020/8/7,30.1,8,1,35.1,8,2020/8/7 16:19,8,1,25.4,8,2020/8/7 4:17,8,1,0,0,8,1,7.1,0,8,1,0,1,8,1,2.1,8,1,30,8,1,72,8,1,1004.1,8,1,,0,1,曇時々晴,8,1
2020/8/8,27.7,8,1,32,8,2020/8/8 13:24,8,1,24.6,8,2020/8/9 0:00,8,1,0,0,8,1,0.8,0,8,1,0,1,8,1,2.7,8,1,27.2,8,1,74,8,1,1005.7,8,1,,0,1,曇,8,1
2020/8/9,29.2,8,1,35.4,8,2020/8/9 15:00,8,1,23.6,8,2020/8/9 5:11,8,1,0,0,8,1,7.4,0,8,1,0,1,8,1,1.6,8,1,28.6,8,1,71,8,1,1006.2,8,1,,0,1,曇時々晴,8,1
2020/8/10,31.1,8,1,36.4,8,2020/8/10 13:58,8,1,25.9,8,2020/8/10 5:27,8,1,0,1,8,1,9.6,0,8,1,0,1,8,1,2.1,8,1,30.4,8,1,68,8,1,1009.5,8,1,,0,1,曇時々晴,8,1
2020/8/11,32.8,8,1,39.6,8,2020/8/11 16:06,8,1,27.2,8,2020/8/11 5:09,8,1,0,1,8,1,12.4,0,8,1,0,1,8,1,2.2,8,1,32,8,1,66,8,1,1008.5,8,1,,0,1,晴,8,1
2020/8/12,30.4,8,1,37.4,8,2020/8/12 12:38,8,1,27,8,2020/8/12 23:45,8,1,0,0,8,1,7.1,0,8,1,0,1,8,1,2.1,8,1,32.3,8,1,75,8,1,1008.3,8,1,,0,1,晴後曇時々雨、雷を伴う,8,1
2020/8/13,30.5,8,1,37.3,8,2020/8/13 13:39,8,1,26.1,8,2020/8/13 5:39,8,1,0,1,8,1,9.3,0,8,1,0,1,8,1,2,8,1,30.4,8,1,72,8,1,1005.6,8,1,,0,1,晴時々曇、雷を伴う,8,1
2020/8/14,30.5,8,1,36.3,8,2020/8/14 14:27,8,1,25.7,8,2020/8/14 5:41,8,1,0,1,8,1,10.7,0,8,1,0,1,8,1,2.5,8,1,28.5,8,1,66,8,1,1004.7,8,1,,0,1,晴,8,1
2020/8/15,31.7,8,1,38.3,8,2020/8/15 16:38,8,1,26.5,8,2020/8/15 5:11,8,1,1,0,8,1,11.6,0,8,1,0,1,8,1,1.9,8,1,31.4,8,1,69,8,1,1003.3,8,1,,0,1,晴,8,1
2020/8/16,31.4,8,1,37.1,8,2020/8/16 12:18,8,1,28.3,8,2020/8/16 5:02,8,1,0,1,8,1,10,0,8,1,0,1,8,1,2.5,8,1,30.9,8,1,68,8,1,1005.5,8,1,,0,1,晴、雷を伴う,8,1
2020/8/17,30.9,8,1,37.5,8,2020/8/17 16:36,8,1,27.2,8,2020/8/17 5:17,8,1,2.5,0,8,1,7,0,8,1,0,1,8,1,1.7,8,1,30.5,8,1,70,8,1,1006.4,8,1,,0,1,晴時々曇、雷を伴う,8,1
2020/8/18,30.3,8,1,35.6,8,2020/8/18 12:52,8,1,26.8,8,2020/8/18 5:00,8,1,0,0,8,1,9.7,0,8,1,0,1,8,1,2.9,8,1,29.2,8,1,69,8,1,1006.6,8,1,,0,1,晴時々曇,8,1
2020/8/19,30.1,8,1,36.6,8,2020/8/19 14:51,8,1,25.3,8,2020/8/19 4:45,8,1,0,1,8,1,10.9,0,8,1,0,1,8,1,2,8,1,27.3,8,1,66,8,1,1007.3,8,1,,0,1,晴時々曇,8,1
2020/8/20,30.9,8,1,38.6,8,2020/8/20 14:46,8,1,25.1,8,2020/8/20 5:22,8,1,0,1,8,1,12,0,8,1,0,1,8,1,2.3,8,1,28.6,8,1,66,8,1,1007.8,8,1,,0,1,晴,8,1
2020/8/21,31.3,8,1,38.2,8,2020/8/21 15:09,8,1,26,8,2020/8/21 5:06,8,1,0,1,8,1,10.7,0,8,1,0,1,8,1,2,8,1,30.3,8,1,68,8,1,1008.5,8,1,,0,1,晴,8,1
2020/8/22,28.6,8,1,35.4,8,2020/8/22 13:44,8,1,22.6,8,2020/8/22 18:49,8,1,44.5,0,8,1,4.3,0,8,1,0,1,8,1,2.6,8,1,28.7,8,1,75,8,1,1008,8,1,,0,1,曇時々晴一時雨、雷を伴う,8,1
2020/8/23,26.9,8,1,31.6,5,2020/8/23 14:31,5,1,23.5,5,2020/8/23 2:16,5,1,0,0,8,1,3.7,0,4,1,0,1,8,1,1.9,5,1,27.2,8,1,78,8,1,1005.5,8,1,,0,1,×,8,1
2020/8/24,27.9,8,1,33.6,8,2020/8/24 15:17,8,1,24.1,8,2020/8/24 4:14,8,1,0,0,8,1,8.2,0,8,1,0,1,8,1,2.3,8,1,27.5,8,1,75,8,1,1004.3,8,1,,0,1,雨時々曇後晴,8,1
2020/8/25,28.3,8,1,34,8,2020/8/25 15:35,8,1,24.5,8,2020/8/25 5:02,8,1,0,1,8,1,7.2,0,8,1,0,1,8,1,2.3,8,1,26.8,8,1,71,8,1,1006.8,8,1,,0,1,晴時々曇,8,1
2020/8/26,28.9,8,1,34.6,8,2020/8/26 15:08,8,1,23.9,8,2020/8/26 5:39,8,1,0,0,8,1,9.9,0,8,1,0,1,8,1,2.3,8,1,29,8,1,74,8,1,1008.7,8,1,,0,1,晴一時曇後一時雨,8,1
2020/8/27,29.8,8,1,34.5,8,2020/8/27 15:27,8,1,25.8,8,2020/8/27 5:15,8,1,6.5,0,8,1,6.3,0,8,1,0,1,8,1,2.1,8,1,31.6,8,1,77,8,1,1008.7,8,1,,0,1,曇時々晴一時雨、雷を伴う,8,1
2020/8/28,30.3,8,1,35.7,8,2020/8/28 14:49,8,1,25.8,8,2020/8/28 5:00,8,1,0,0,8,1,7.6,0,8,1,0,1,8,1,2.2,8,1,31.4,8,1,74,8,1,1008.2,8,1,,0,1,晴時々曇一時雨,8,1
2020/8/29,30.9,8,1,37.3,8,2020/8/29 15:39,8,1,26.3,8,2020/8/29 5:31,8,1,0,1,8,1,11.5,0,8,1,0,1,8,1,2.2,8,1,31.1,8,1,71,8,1,1006.8,8,1,,0,1,晴,8,1
2020/8/30,30.9,8,1,37,8,2020/8/30 15:24,8,1,27.2,8,2020/8/30 5:27,8,1,0,1,8,1,6.9,0,8,1,0,1,8,1,2.2,8,1,30,8,1,69,8,1,1006.1,8,1,,0,1,晴一時曇,8,1
2020/8/31,26.9,8,1,32.9,8,2020/8/31 14:30,8,1,22.2,8,2020/9/1 0:00,8,1,2.5,0,8,1,2.5,0,8,1,0,1,8,1,2.8,8,1,29,8,1,83,8,1,1007.7,8,1,,0,1,曇後一時晴,8,1
2020/9/1,25.2,8,1,27.9,8,2020/9/1 16:53,8,1,22.2,8,2020/9/1 0:31,8,1,0,0,8,1,0,0,8,1,0,1,8,1,1.3,8,1,25.7,8,1,80,8,1,1010,8,1,,0,1,曇時々雨,8,1
2020/9/2,26.7,8,1,30.9,8,2020/9/2 13:45,8,1,23.9,8,2020/9/2 5:18,8,1,21.5,0,8,1,1,0,8,1,0,1,8,1,2.3,8,1,31.5,8,1,90,8,1,1010,8,1,,0,1,曇時々雨一時晴、雷を伴う,8,1
2020/9/3,29,8,1,34.8,8,2020/9/3 13:44,8,1,26.2,8,2020/9/3 5:21,8,1,15.5,0,8,1,3.8,0,8,1,0,1,8,1,3.2,8,1,33.4,8,1,84,8,1,1007.8,8,1,,0,1,曇時々雨、雷を伴う,8,1
2020/9/4,28.3,8,1,35.6,8,2020/9/4 12:50,8,1,24.3,8,2020/9/4 19:33,8,1,40,0,8,1,7.9,0,8,1,0,1,8,1,1.9,8,1,31,8,1,82,8,1,1010,8,1,,0,1,晴一時曇後一時大雨、雷を伴う,8,1
2020/9/5,28.3,8,1,34.7,8,2020/9/5 13:38,8,1,24.5,8,2020/9/5 5:43,8,1,21.5,0,8,1,8.6,0,8,1,0,1,8,1,2.7,8,1,30.8,8,1,81,8,1,1009.4,8,1,,0,1,晴後一時雨、雷を伴う,8,1
2020/9/6,26.1,8,1,31.6,8,2020/9/6 13:36,8,1,23.7,8,2020/9/6 5:49,8,1,3.5,0,8,1,1.5,0,8,1,0,1,8,1,2.6,8,1,29.4,8,1,88,8,1,1009.7,8,1,,0,1,雨後曇時々晴、雷を伴う,8,1
2020/9/7,27.2,8,1,30.9,8,2020/9/7 16:21,8,1,24.6,8,2020/9/7 3:21,8,1,0.5,0,8,1,2.4,0,8,1,0,1,8,1,3.4,8,1,31.2,8,1,87,8,1,1009.2,8,1,,0,1,曇時々雨、雷を伴う,8,1
2020/9/8,28.7,8,1,35,8,2020/9/8 13:31,8,1,23.9,8,2020/9/8 5:11,8,1,0,0,8,1,9,0,8,1,0,1,8,1,1.6,8,1,29.6,8,1,77,8,1,1010.8,8,1,,0,1,晴後曇一時雨,8,1
2020/9/9,29,8,1,34.6,8,2020/9/9 15:15,8,1,24.3,8,2020/9/9 6:08,8,1,0,0,8,1,9.2,0,8,1,0,1,8,1,2.5,8,1,28.1,8,1,72,8,1,1009.1,8,1,,0,1,晴後一時雨、雷を伴う,8,1
2020/9/10,27.4,8,1,32.7,8,2020/9/10 14:15,8,1,24.3,8,2020/9/10 5:00,8,1,0,0,8,1,4.1,0,8,1,0,1,8,1,2,8,1,27.8,8,1,77,8,1,1007.5,8,1,,0,1,曇一時雨,8,1
2020/9/11,28.3,8,1,34.5,8,2020/9/11 14:40,8,1,24.3,8,2020/9/11 5:10,8,1,0,0,8,1,4.9,0,8,1,0,1,8,1,2.1,8,1,28.1,8,1,75,8,1,1010.9,8,1,,0,1,曇後晴一時雨、雷を伴う,8,1
2020/9/12,24.2,8,1,26.8,8,2020/9/12 12:22,8,1,22,8,2020/9/13 0:00,8,1,13.5,0,8,1,0,0,8,1,0,1,8,1,2.5,8,1,27.9,8,1,93,8,1,1011,8,1,,0,1,曇時々雨,8,1
2020/9/13,23.4,8,1,27.8,8,2020/9/13 13:58,8,1,21,8,2020/9/14 0:00,8,1,1.5,0,8,1,0.2,0,8,1,0,1,8,1,2.1,8,1,25.7,8,1,90,8,1,1007.6,8,1,,0,1,曇後時々雨,8,1
2020/9/14,23.5,8,1,28.7,8,2020/9/14 13:17,8,1,20.5,8,2020/9/14 5:50,8,1,3,0,8,1,3.1,0,8,1,0,1,8,1,2.2,8,1,24.5,8,1,85,8,1,1007.5,8,1,,0,1,曇一時晴,8,1
2020/9/15,23.9,8,1,28.1,8,2020/9/15 14:09,8,1,20.8,8,2020/9/15 4:54,8,1,0,0,8,1,3.5,0,8,1,0,1,8,1,2.1,8,1,23.1,8,1,79,8,1,1010.3,8,1,,0,1,曇一時晴,8,1
2020/9/16,24.1,8,1,28.4,8,2020/9/16 14:31,8,1,21.7,8,2020/9/16 2:52,8,1,0,0,8,1,0.6,0,8,1,0,1,8,1,1.5,8,1,23.1,8,1,77,8,1,1010.4,8,1,,0,1,曇時々雨一時晴,8,1
2020/9/17,25,8,1,27.9,8,2020/9/17 13:58,8,1,21.2,8,2020/9/17 5:04,8,1,0,0,8,1,1.4,0,8,1,0,1,8,1,1.2,8,1,25.3,8,1,80,8,1,1008.4,8,1,,0,1,曇後一時雨,8,1
2020/9/18,27.4,8,1,31.1,8,2020/9/18 14:48,8,1,23.4,8,2020/9/18 5:53,8,1,0,0,8,1,1.9,0,8,1,0,1,8,1,1.3,8,1,27.5,8,1,76,8,1,1003.6,8,1,,0,1,曇後時々雨,8,1
2020/9/19,23,8,1,26.5,8,2020/9/19 1:03,8,1,20.8,8,2020/9/19 19:40,8,1,4.5,0,8,1,0,0,8,1,0,1,8,1,1.8,8,1,25.1,8,1,90,8,1,1008.2,8,1,,0,1,雨時々曇,8,1
2020/9/20,21.3,8,1,23.1,8,2020/9/20 15:09,8,1,20,8,2020/9/20 10:53,8,1,2,0,8,1,0,0,8,1,0,1,8,1,1.4,8,1,21.6,8,1,86,8,1,1010.6,8,1,,0,1,曇時々雨,8,1
2020/9/21,22.7,8,1,26.9,8,2020/9/21 13:51,8,1,19.9,8,2020/9/21 5:59,8,1,0.5,0,8,1,4.5,0,8,1,0,1,8,1,1.7,8,1,20.9,8,1,77,8,1,1011.2,8,1,,0,1,曇後晴,8,1
2020/9/22,23,8,1,28.3,8,2020/9/22 13:39,8,1,18.4,8,2020/9/22 5:50,8,1,0,1,8,1,7.9,0,8,1,0,1,8,1,1.9,8,1,18.8,8,1,68,8,1,1014,8,1,,0,1,晴後時々曇,8,1
2020/9/23,20.7,8,1,25.1,8,2020/9/23 12:22,8,1,19,8,2020/9/23 6:51,8,1,5.5,0,8,1,0.2,0,8,1,0,1,8,1,1.6,8,1,21.1,8,1,87,8,1,1012.1,8,1,,0,1,雨時々曇,8,1
2020/9/24,20.4,8,1,23.1,8,2020/9/24 14:33,8,1,18.8,8,2020/9/24 5:51,8,1,1,0,8,1,0,0,8,1,0,1,8,1,2.2,8,1,18.9,8,1,79,8,1,1011.2,8,1,,0,1,曇時々雨,8,1
2020/9/25,19.4,8,1,20.7,8,2020/9/25 14:20,8,1,17.8,8,2020/9/25 5:59,8,1,22,0,8,1,0,0,8,1,0,1,8,1,2.1,8,1,21.8,8,1,97,8,1,1004.1,8,1,,0,1,雨,8,1
2020/9/26,18.6,8,1,20.9,8,2020/9/26 12:45,8,1,17.4,8,2020/9/26 6:17,8,1,4,0,8,1,0,0,8,1,0,1,8,1,1.8,8,1,20.6,8,1,96,8,1,1004.9,8,1,,0,1,雨時々曇,8,1
2020/9/27,19.6,8,1,23.8,8,2020/9/27 14:25,8,1,17.2,8,2020/9/27 23:50,8,1,3,0,8,1,2.3,0,8,1,0,1,8,1,1.5,8,1,20.2,8,1,89,8,1,1006.2,8,1,,0,1,曇後一時雨一時晴、雷を伴う,8,1
2020/9/28,21.7,8,1,27.9,8,2020/9/28 14:04,8,1,15.7,8,2020/9/28 4:25,8,1,0,1,8,1,11.6,0,8,1,0,1,8,1,2.9,8,1,16.1,8,1,65,8,1,1009,8,1,,0,1,晴,8,1
2020/9/29,19.7,8,1,23.1,8,2020/9/29 14:04,8,1,16.6,8,2020/9/29 23:18,8,1,0,1,8,1,2.2,0,8,1,0,1,8,1,1.9,8,1,15.4,8,1,68,8,1,1008.6,8,1,,0,1,曇,8,1
2020/9/30,19.9,8,1,25.6,8,2020/9/30 14:58,8,1,14.3,8,2020/9/30 5:56,8,1,0,1,8,1,10.6,0,8,1,0,1,8,1,2.1,8,1,15.6,8,1,70,8,1,1004.5,8,1,,0,1,晴,8,1
2020/10/1,19.9,8,1,24.3,8,2020/10/1 15:18,8,1,16.7,8,2020/10/2 0:00,8,1,0,0,8,1,3.8,0,8,1,0,1,8,1,1.3,8,1,18.2,8,1,79,8,1,1007.2,8,1,,0,1,曇一時雨後時々晴,8,1
2020/10/2,20.8,8,1,27.2,8,2020/10/2 13:50,8,1,14,8,2020/10/2 5:47,8,1,0,1,8,1,11,0,8,1,0,1,8,1,2.2,8,1,15.5,8,1,65,8,1,1013,8,1,,0,1,晴,8,1
2020/10/3,21.6,8,1,25.4,8,2020/10/3 12:46,8,1,18.1,8,2020/10/3 5:41,8,1,0,1,8,1,2.6,0,8,1,0,1,8,1,1.3,8,1,19.2,8,1,75,8,1,1013.6,8,1,,0,1,曇一時晴,8,1
2020/10/4,20.7,8,1,23.7,8,2020/10/4 12:16,8,1,18.2,8,2020/10/4 5:44,8,1,0,0,8,1,0.1,0,8,1,0,1,8,1,1.3,8,1,18.7,8,1,77,8,1,1008.8,8,1,,0,1,曇時々雨,8,1
2020/10/5,20.8,8,1,23.8,8,2020/10/5 16:13,8,1,18.7,8,2020/10/5 6:26,8,1,0,0,8,1,2.4,0,8,1,0,1,8,1,1.6,8,1,19.3,8,1,79,8,1,1003.2,8,1,,0,1,雨後曇時々晴,8,1
2020/10/6,20.1,8,1,24.6,8,2020/10/6 10:40,8,1,16.5,8,2020/10/6 5:19,8,1,0,1,8,1,3.5,0,8,1,0,1,8,1,3,8,1,12,8,1,51,8,1,1012.3,8,1,,0,1,曇時々晴,8,1
2020/10/7,18.3,8,1,23.9,8,2020/10/7 13:08,8,1,14.5,8,2020/10/8 0:00,8,1,8.5,0,8,1,3,0,8,1,0,1,8,1,1.7,8,1,15.3,8,1,74,8,1,1020.9,8,1,,0,1,曇時々晴後雨,8,1
2020/10/8,14.8,8,1,16.1,8,2020/10/8 14:06,8,1,13.6,8,2020/10/8 5:03,8,1,34.5,0,8,1,0,0,8,1,0,1,8,1,1.4,8,1,16.2,8,1,96,8,1,1023.1,8,1,,0,1,雨,8,1
2020/10/9,14.9,8,1,15.4,8,2020/10/9 10:31,8,1,14.2,8,2020/10/9 22:50,8,1,45.5,0,8,1,0,0,8,1,0,1,8,1,1.4,8,1,16.4,8,1,97,8,1,1022.6,8,1,,0,1,雨一時曇,8,1
2020/10/10,15.9,8,1,17,8,2020/10/10 23:58,8,1,14.2,8,2020/10/10 0:04,8,1,48,0,8,1,0,0,8,1,0,1,8,1,1.9,8,1,18,8,1,99,8,1,1014.9,8,1,,0,1,雨,8,1
2020/10/11,20.8,8,1,25.9,8,2020/10/11 12:53,8,1,16.9,8,2020/10/11 0:02,8,1,0,0,8,1,2.5,0,8,1,0,1,8,1,2.2,8,1,20.6,8,1,85,8,1,1008.4,8,1,,0,1,晴時々雨後曇,8,1
2020/10/12,22,8,1,26.1,8,2020/10/12 14:39,8,1,18.1,8,2020/10/12 4:45,8,1,0,0,8,1,5.1,0,8,1,0,1,8,1,1.3,8,1,21.8,8,1,83,8,1,1007.3,8,1,,0,1,曇後晴一時雨,8,1
2020/10/13,22.3,8,1,28,8,2020/10/13 14:04,8,1,17.9,8,2020/10/13 4:36,8,1,0,0,8,1,6.9,0,8,1,0,1,8,1,2.4,8,1,20.5,8,1,77,8,1,1008.6,8,1,,0,1,晴一時雨,8,1
2020/10/14,20.4,8,1,23.8,8,2020/10/14 14:20,8,1,17.9,8,2020/10/15 0:00,8,1,0,0,8,1,0.7,0,8,1,0,1,8,1,2,8,1,16.8,8,1,71,8,1,1014.5,8,1,,0,1,曇,8,1
2020/10/15,17.6,8,1,19.5,8,2020/10/15 14:07,8,1,15.7,8,2020/10/15 23:59,8,1,0,1,8,1,0,0,8,1,0,1,8,1,1.7,8,1,16.2,8,1,81,8,1,1016.5,8,1,,0,1,曇,8,1
2020/10/16,15.4,8,1,18.7,8,2020/10/16 15:07,8,1,13.2,8,2020/10/16 5:58,8,1,0,0,8,1,2.4,0,8,1,0,1,8,1,1.6,8,1,10.8,8,1,62,8,1,1018,8,1,,0,1,曇後時々晴,8,1
2020/10/17,12.6,8,1,15,8,2020/10/17 0:17,8,1,11.4,8,2020/10/17 17:47,8,1,22.5,0,8,1,0,0,8,1,0,1,8,1,1.2,8,1,13.4,8,1,92,8,1,1018.4,8,1,,0,1,雨,8,1
2020/10/18,14.1,8,1,19.1,8,2020/10/18 13:00,8,1,10.1,8,2020/10/18 6:16,8,1,0,0,8,1,4,0,8,1,0,1,8,1,1.6,8,1,12.5,8,1,79,8,1,1018.5,8,1,,0,1,曇時々晴,8,1
2020/10/19,12.8,8,1,15.9,8,2020/10/19 9:50,8,1,10.1,8,2020/10/19 3:58,8,1,1.5,0,8,1,0.4,0,8,1,0,1,8,1,1.7,8,1,12.6,8,1,85,8,1,1019.4,8,1,,0,1,曇後時々雨,8,1
2020/10/20,15.4,8,1,22,8,2020/10/20 14:09,8,1,9.8,8,2020/10/20 6:12,8,1,0,1,8,1,8.7,0,8,1,0,1,8,1,1.8,8,1,12.1,8,1,72,8,1,1021.4,8,1,,0,1,曇時々晴,8,1
2020/10/21,15.5,8,1,20.3,8,2020/10/21 15:01,8,1,11.8,8,2020/10/21 5:56,8,1,0,0,8,1,5.6,0,8,1,0,1,8,1,1.7,8,1,11.9,8,1,69,8,1,1021.9,8,1,,0,1,晴一時曇,8,1
2020/10/22,16.2,8,1,19.2,8,2020/10/22 14:14,8,1,13.1,8,2020/10/22 0:56,8,1,0,0,8,1,0.8,0,8,1,0,1,8,1,1.8,8,1,14.1,8,1,77,8,1,1014.9,8,1,,0,1,曇一時雨,8,1
2020/10/23,16.8,8,1,18.8,8,2020/10/23 15:32,8,1,15.2,8,2020/10/23 6:27,8,1,5.5,0,8,1,0,0,8,1,0,1,8,1,2.2,8,1,16.6,8,1,86,8,1,1000,8,1,,0,1,雨時々曇,8,1
2020/10/24,16.7,8,1,21.5,8,2020/10/24 13:20,8,1,13,8,2020/10/25 0:00,8,1,0,1,8,1,3.1,0,8,1,0,1,8,1,4,8,1,10.4,8,1,55,8,1,1002.1,8,1,,0,1,晴時々曇,8,1
2020/10/25,15.2,8,1,21.7,8,2020/10/25 13:38,8,1,10.1,8,2020/10/25 4:51,8,1,0,1,8,1,10.6,0,8,1,0,1,8,1,3.1,8,1,9,8,1,54,8,1,1008.8,8,1,,0,1,晴,8,1
2020/10/26,16,8,1,23.2,8,2020/10/26 12:45,8,1,9.5,8,2020/10/26 2:43,8,1,0,0,8,1,8.3,0,8,1,0,1,8,1,1.7,8,1,10.5,8,1,60,8,1,1012.6,8,1,,0,1,晴時々曇,8,1
2020/10/27,16.2,8,1,21,8,2020/10/27 13:24,8,1,11.7,8,2020/10/27 5:37,5,1,0,1,8,1,5.6,0,5,1,0,1,8,1,1.8,8,1,12,8,1,66,8,1,1015.8,8,1,,0,1,曇時々晴,8,1
2020/10/28,16.4,8,1,20.2,5,2020/10/28 14:08,5,1,12.4,5,2020/10/28 5:35,5,1,0,1,8,1,4.5,0,5,1,0,1,5,1,1.5,5,1,13.5,8,1,73,8,1,1015.7,8,1,,0,1,曇時々晴,8,1
2020/10/29,16.4,8,1,21.9,8,2020/10/29 12:46,8,1,12,8,2020/10/29 6:41,8,1,0,1,8,1,8.6,0,8,1,0,1,8,1,3.8,8,1,9.7,8,1,55,8,1,1012.9,8,1,,0,1,晴後一時曇,8,1
2020/10/30,14.3,8,1,19.6,8,2020/10/30 13:48,8,1,10.9,8,2020/10/31 0:00,8,1,0,1,8,1,8.1,0,8,1,0,1,8,1,4.5,8,1,7.6,8,1,47,8,1,1015.3,8,1,,0,1,晴一時曇,8,1
2020/10/31,13.3,8,1,19.6,8,2020/10/31 14:08,8,1,9.1,8,2020/10/31 22:32,8,1,0,1,8,1,10.3,0,8,1,0,1,8,1,2.8,8,1,8.1,8,1,55,8,1,1021.9,8,1,,0,1,晴,8,1
2020/11/1,12.8,8,1,18.9,8,2020/11/1 13:36,8,1,7.4,8,2020/11/1 3:47,8,1,0,1,8,1,7,0,8,1,0,1,8,1,1.7,8,1,10,8,1,69,8,1,1021.9,8,1,,0,1,曇時々晴,8,1
2020/11/2,14.1,8,1,16.7,8,2020/11/2 15:00,8,1,11.8,8,2020/11/2 6:15,8,1,1.5,0,8,1,1.1,0,8,1,0,1,8,1,1.4,8,1,12.4,8,1,77,8,1,1013.6,8,1,,0,1,曇時々雨,8,1
2020/11/3,15.2,8,1,20.8,8,2020/11/3 14:16,8,1,12.9,8,2020/11/3 22:08,8,1,2.5,0,8,1,2.2,0,8,1,0,1,8,1,1.7,8,1,13.6,8,1,80,8,1,1003.7,8,1,,0,1,曇時々雨一時晴,8,1
2020/11/4,12.6,8,1,18.1,8,2020/11/4 13:51,8,1,7.7,8,2020/11/4 6:32,8,1,0,0,8,1,9.5,0,8,1,0,1,8,1,2.9,8,1,7.1,8,1,50,8,1,1011.4,8,1,,0,1,晴,8,1
2020/11/5,12.4,8,1,20.1,8,2020/11/5 14:14,8,1,5.9,8,2020/11/5 6:04,8,1,0,1,8,1,10.2,0,8,1,0,1,8,1,2.1,8,1,7.5,8,1,56,8,1,1020.5,8,1,,0,1,晴,8,1
2020/11/6,11.7,8,1,15.1,8,2020/11/6 13:26,8,1,8.7,8,2020/11/6 3:15,8,1,0,1,8,1,0.3,0,8,1,0,1,8,1,1.5,8,1,9.4,8,1,69,8,1,1021.3,8,1,,0,1,曇,8,1
2020/11/7,14.8,8,1,20.2,8,2020/11/7 14:39,8,1,9.6,8,2020/11/7 6:47,8,1,0,0,8,1,6.3,0,8,1,0,1,8,1,1.3,8,1,11.6,8,1,70,8,1,1011.6,8,1,,0,1,晴時々曇,8,1
2020/11/8,17.3,8,1,24.3,8,2020/11/8 11:59,8,1,12.7,8,2020/11/8 4:26,8,1,0,1,8,1,3.1,0,8,1,0,1,8,1,2.4,8,1,11.6,8,1,60,8,1,1005.5,8,1,,0,1,曇時々晴,8,1
2020/11/9,13,8,1,18,8,2020/11/9 13:44,8,1,7.6,8,2020/11/9 23:56,8,1,0,1,8,1,9.8,0,8,1,0,1,8,1,3.7,8,1,6.3,8,1,44,8,1,1010.1,8,1,,0,1,晴,8,1
2020/11/10,10.7,8,1,16.6,8,2020/11/10 13:21,8,1,6,8,2020/11/10 3:23,8,1,0,1,8,1,9.5,0,8,1,0,1,8,1,2.6,8,1,6.4,8,1,52,8,1,1016.4,8,1,,0,1,晴,8,1
2020/11/11,10,8,1,15.6,8,2020/11/11 12:28,8,1,5.4,8,2020/11/12 0:00,8,1,0,1,8,1,9.8,0,8,1,0,1,8,1,2.9,8,1,6.5,8,1,54,8,1,1025.4,8,1,,0,1,晴,8,1
2020/11/12,9,8,1,13.8,8,2020/11/12 14:37,8,1,3.4,8,2020/11/12 3:21,8,1,0,1,8,1,5.7,0,8,1,0,1,8,1,1.8,8,1,7.2,8,1,64,8,1,1029.3,8,1,,0,1,晴時々曇,8,1
2020/11/13,11.8,8,1,19.1,8,2020/11/13 14:25,8,1,5.2,8,2020/11/13 6:29,8,1,0,1,8,1,9.5,0,8,1,0,1,5,1,1.9,8,1,9.3,8,1,68,8,1,1021.3,8,1,,0,1,晴,8,1
2020/11/14,14.6,8,1,21.8,8,2020/11/14 14:28,8,1,8.4,8,2020/11/15 0:00,8,1,0,1,8,1,9.8,0,8,1,0,1,8,1,3.7,8,1,7.5,8,1,47,8,1,1022.3,8,1,,0,1,晴,8,1
2020/11/15,10.9,8,1,17.5,8,2020/11/15 14:17,8,1,4.8,8,2020/11/15 5:40,8,1,0,1,8,1,9.5,0,8,1,0,1,8,1,1.7,8,1,8,8,1,62,8,1,1025.1,8,1,,0,1,晴,8,1
2020/11/16,13.9,8,1,22,8,2020/11/16 14:57,8,1,5.7,8,2020/11/16 6:23,8,1,0,1,8,1,9.5,0,8,1,0,1,8,1,1.6,8,1,9.7,8,1,64,8,1,1019.6,8,1,,0,1,晴,8,1
2020/11/17,14.7,8,1,20.8,8,2020/11/17 13:26,8,1,9.4,8,2020/11/18 0:00,8,1,0,1,8,1,9.4,0,8,1,0,1,8,1,2.6,8,1,10.2,8,1,63,8,1,1024.1,8,1,,0,1,晴,8,1
2020/11/18,14.1,8,1,20.6,8,2020/11/18 14:21,8,1,7.2,8,2020/11/18 6:24,8,1,0,1,8,1,8.7,0,8,1,0,1,8,1,1.5,8,1,11.4,8,1,72,8,1,1021.7,8,1,,0,1,晴,8,1
2020/11/19,15.9,8,1,22.3,8,2020/11/19 14:43,8,1,10.6,8,2020/11/19 6:20,8,1,0,1,8,1,8.8,0,8,1,0,1,8,1,1.3,8,1,13.6,8,1,76,8,1,1014.5,8,1,,0,1,晴一時曇,8,1
2020/11/20,17.2,8,1,21.2,8,2020/11/20 15:29,8,1,13.8,8,2020/11/20 2:24,8,1,0,0,8,1,1.2,0,8,1,0,1,8,1,1.5,8,1,15.5,8,1,79,8,1,1003.9,8,1,,0,1,曇後一時晴,8,1
2020/11/21,15.1,8,1,18.3,8,2020/11/21 10:43,8,1,8.4,8,2020/11/22 0:00,8,1,0,1,8,1,9.6,0,8,1,0,1,8,1,5.2,8,1,8.2,8,1,49,8,1,1011.8,8,1,,0,1,晴,8,1
2020/11/22,11.2,8,1,17.4,8,2020/11/22 15:03,8,1,6.1,8,2020/11/22 3:21,8,1,0,1,8,1,6.7,0,8,1,0,1,8,1,1.9,8,1,8.6,8,1,65,8,1,1015.1,8,1,,0,1,晴一時曇,8,1
2020/11/23,14.3,8,1,19.3,8,2020/11/23 12:10,8,1,9.2,8,2020/11/23 4:56,8,1,0,1,8,1,7.9,0,8,1,0,1,8,1,5.2,8,1,7.8,8,1,50,8,1,1010.4,8,1,,0,1,晴後一時曇,8,1
2020/11/24,11.2,8,1,15.6,8,2020/11/24 12:18,8,1,8.4,8,2020/11/24 6:48,8,1,0,0,8,1,4.9,0,8,1,0,1,8,1,3.5,8,1,7.7,8,1,59,8,1,1020.7,8,1,,0,1,晴後雨時々曇,8,1
2020/11/25,10.7,8,1,13.7,8,2020/11/25 14:14,8,1,8.8,8,2020/11/25 6:17,8,1,0.5,0,8,1,0,0,8,1,0,1,8,1,1.2,8,1,11.2,8,1,87,8,1,1019,8,1,,0,1,雨時々曇,8,1
2020/11/26,10.4,8,1,16.3,8,2020/11/26 15:09,8,1,4,8,2020/11/26 6:48,8,1,0,1,8,1,7.1,0,8,1,0,1,8,1,1.4,8,1,10.4,8,1,84,8,1,1017.4,8,1,,0,1,曇時々霧後晴,8,1
2020/11/27,11.1,8,1,13.5,8,2020/11/27 13:46,8,1,8.2,8,2020/11/27 4:22,8,1,0,0,8,1,0.8,0,8,1,0,1,8,1,1.8,8,1,10,8,1,76,8,1,1015.7,8,1,,0,1,曇一時晴,8,1
2020/11/28,10.7,8,1,16.2,8,2020/11/28 11:57,8,1,6.2,8,2020/11/28 22:51,8,1,0,0,8,1,8.5,0,8,1,0,1,8,1,4,8,1,7.3,8,1,58,8,1,1010.6,8,1,,0,1,晴後一時雨,8,1
2020/11/29,8.7,8,1,13.1,8,2020/11/29 11:30,8,1,5.1,8,2020/11/29 23:20,8,1,0,1,8,1,4.9,0,8,1,0,1,8,1,2.1,8,1,6.4,8,1,58,8,1,1018.2,8,1,,0,1,曇時々晴,8,1
2020/11/30,8.4,8,1,15,8,2020/11/30 14:29,8,1,2.6,8,2020/11/30 6:57,8,1,0,1,8,1,8.9,0,8,1,0,1,8,1,1.8,8,1,7.2,8,1,67,8,1,1020,8,1,,0,1,晴,8,1
2020/12/1,8.7,8,1,15.3,8,2020/12/1 14:52,8,1,2.8,8,2020/12/1 5:45,8,1,0,1,8,1,9.4,0,8,1,0,1,8,1,2,8,1,7,8,1,64,8,1,1023.7,8,1,,0,1,晴,8,1
2020/12/2,7.7,8,1,10.5,8,2020/12/2 14:36,8,1,4.6,8,2020/12/2 2:38,8,1,0,0,8,1,0,0,8,1,0,1,8,1,1.6,8,1,7.5,8,1,72,8,1,1022.3,8,1,,0,1,曇,8,1
2020/12/3,7.9,8,1,11.4,8,2020/12/3 14:52,8,1,4.6,8,2020/12/3 22:57,8,1,0,1,8,1,0.6,0,8,1,0,1,8,1,1.3,8,1,8.7,8,1,82,8,1,1013.9,8,1,,0,1,曇後一時晴,8,1
2020/12/4,8.7,8,1,14.1,8,2020/12/4 13:42,8,1,3.6,8,2020/12/4 6:34,8,1,0,1,8,1,8.5,0,8,1,0,1,8,1,2.8,8,1,5.6,8,1,52,8,1,1018.8,8,1,,0,1,晴,8,1
2020/12/5,6.2,8,1,9.5,8,2020/12/5 14:08,8,1,2.6,8,2020/12/5 23:59,8,1,0,1,8,1,0,0,8,1,0,1,8,1,1.5,8,1,6.9,8,1,73,8,1,1021.1,8,1,,0,1,曇一時晴,8,1
2020/12/6,7.1,8,1,14.6,8,2020/12/6 14:17,8,1,0.4,8,2020/12/6 5:53,8,1,0,1,8,1,9.2,0,8,1,0,1,8,1,1.5,8,1,7.3,8,1,75,8,1,1020.4,8,1,,0,1,晴,8,1
2020/12/7,8.5,8,1,15.8,8,2020/12/7 14:06,8,1,1.9,8,2020/12/7 7:10,8,1,0,1,8,1,9.1,0,8,1,0,1,8,1,1.8,8,1,7.8,8,1,71,8,1,1016.1,8,1,,0,1,晴,8,1
2020/12/8,10.5,8,1,17.2,8,2020/12/8 12:53,8,1,3.4,8,2020/12/8 6:40,8,1,0,0,8,1,6.6,0,8,1,0,1,8,1,3,8,1,6.7,8,1,56,8,1,1013.7,8,1,,0,1,晴後時々曇,8,1
2020/12/9,8.1,8,1,11.8,8,2020/12/9 14:11,8,1,4.5,8,2020/12/9 22:47,8,1,0,1,8,1,2.3,0,8,1,0,1,8,1,1.8,8,1,6.5,8,1,61,8,1,1019.6,8,1,,0,1,曇時々晴,8,1
2020/12/10,7.7,8,1,13.5,8,2020/12/10 14:14,8,1,4.6,8,2020/12/10 4:24,8,1,0,1,8,1,3.5,0,8,1,0,1,8,1,1.9,8,1,7.4,8,1,71,8,1,1015.5,8,1,,0,1,曇時々晴,8,1
2020/12/11,8.1,8,1,14.7,8,2020/12/11 13:21,8,1,1.5,8,2020/12/11 6:44,8,1,0,1,8,1,7.2,0,8,1,0,1,8,1,1.4,8,1,7.9,8,1,74,8,1,1013,8,1,,0,1,晴後時々曇,8,1
2020/12/12,10.5,8,1,16.1,8,2020/12/12 13:00,8,1,6.4,8,2020/12/12 4:23,8,1,0,1,8,1,4.6,0,8,1,0,1,8,1,2,8,1,8.1,8,1,65,8,1,1004.7,8,1,,0,1,曇時々晴,8,1
2020/12/13,8.2,8,1,16,8,2020/12/13 13:12,8,1,3,8,2020/12/13 6:53,8,1,0,1,8,1,6.4,0,8,1,0,1,8,1,2.2,8,1,7.1,8,1,67,8,1,1005.6,8,1,,0,1,晴後時々曇,8,1
2020/12/14,6.6,8,1,12.2,8,2020/12/14 12:08,8,1,1.9,8,2020/12/14 23:59,8,1,0,1,8,1,3.6,0,8,1,0,1,8,1,3.8,8,1,5,8,1,54,8,1,1004.2,8,1,,0,1,曇時々晴,8,1
2020/12/15,4,8,1,10.9,8,2020/12/15 12:54,8,1,-1.8,8,2020/12/15 6:23,8,1,0,1,8,1,8.6,0,8,1,0,1,8,1,3.1,8,1,4.1,8,1,54,8,1,1007.3,8,1,,0,1,晴,8,1
2020/12/16,3.4,8,1,9.1,8,2020/12/16 13:33,8,1,-1.4,8,2020/12/16 7:21,8,1,0,1,8,1,8,0,8,1,0,1,8,1,2.7,8,1,3.7,8,1,49,8,1,1008.4,8,1,,0,1,晴,8,1
2020/12/17,2.6,8,1,9.3,8,2020/12/17 13:29,8,1,-3.6,8,2020/12/17 6:55,8,1,0,1,8,1,9.3,0,8,1,0,1,8,1,3.2,8,1,3.5,8,1,51,8,1,1013.2,8,1,,0,1,晴,8,1
2020/12/18,4.4,8,1,11.2,8,2020/12/18 14:32,8,1,-1.9,8,2020/12/18 3:23,8,1,0,1,8,1,8.9,0,8,1,0,1,8,1,1.9,8,1,3.9,8,1,48,8,1,1013.6,8,1,,0,1,晴後一時曇,8,1
2020/12/19,4.8,8,1,11.1,8,2020/12/19 13:47,8,1,-0.6,8,2020/12/19 23:24,8,1,0,1,8,1,8.5,0,8,1,0,1,8,1,4.1,8,1,4.3,8,1,52,8,1,1011.9,8,1,,0,1,晴一時曇,8,1
2020/12/20,2.9,8,1,8.8,8,2020/12/20 13:48,8,1,-1.9,8,2020/12/20 6:40,8,1,0,1,8,1,8.6,0,8,1,0,1,8,1,3.2,8,1,3.9,8,1,53,8,1,1016.3,8,1,,0,1,晴,8,1
2020/12/21,4,8,1,11.1,8,2020/12/21 13:47,8,1,-1.4,8,2020/12/21 7:00,8,1,0,1,8,1,9.3,0,8,1,0,1,8,1,2.3,8,1,3.9,8,1,50,8,1,1018.1,8,1,,0,1,晴,8,1
2020/12/22,4.3,8,1,11.9,8,2020/12/22 14:28,8,1,-2,8,2020/12/22 6:59,8,1,0,1,8,1,9.3,0,8,1,0,1,8,1,1.8,8,1,4.2,8,1,53,8,1,1018.2,8,1,,0,1,晴,8,1
2020/12/23,6.7,8,1,15,8,2020/12/23 14:12,8,1,-1.4,8,2020/12/23 6:03,8,1,0,1,8,1,9.3,0,8,1,0,1,8,1,2.1,8,1,4.8,8,1,52,8,1,1016.8,8,1,,0,1,晴,8,1
2020/12/24,6.2,8,1,12.6,8,2020/12/24 12:45,8,1,0.4,8,2020/12/24 7:24,8,1,0,1,8,1,4.1,0,8,1,0,1,8,1,1.7,8,1,5.5,8,1,60,8,1,1008.7,8,1,,0,1,曇時々晴,8,1
2020/12/25,7.3,8,1,13,8,2020/12/25 14:03,8,1,2.1,8,2020/12/25 5:02,8,1,0,0,8,1,8.4,0,8,1,0,1,8,1,3.6,8,1,4.9,8,1,50,8,1,1004.1,8,1,,0,1,晴一時曇,8,1
2020/12/26,6,8,1,12.7,8,2020/12/26 14:19,8,1,0.9,8,2020/12/26 7:03,8,1,0,1,8,1,9.2,0,8,1,0,1,8,1,2.6,8,1,4.6,8,1,52,8,1,1015,8,1,,0,1,晴,8,1
2020/12/27,5.9,8,1,12.6,8,2020/12/27 14:20,8,1,-0.5,8,2020/12/27 7:11,8,1,0,1,8,1,8,0,8,1,0,1,8,1,1.8,8,1,5.6,8,1,62,8,1,1019.1,8,1,,0,1,晴一時曇,8,1
2020/12/28,9.5,8,1,16.1,8,2020/12/28 14:24,8,1,5.1,8,2020/12/28 5:30,8,1,0,1,8,1,7.4,0,8,1,0,1,8,1,2.2,8,1,6.6,8,1,57,8,1,1015,8,1,,0,1,晴一時曇,8,1
2020/12/29,7.7,8,1,12.3,8,2020/12/29 14:39,8,1,1.3,8,2020/12/29 6:43,8,1,0,1,8,1,6.8,0,8,1,0,1,8,1,1.8,8,1,6.5,8,1,62,8,1,1013.6,8,1,,0,1,晴時々曇,8,1
2020/12/30,6.1,8,1,15.8,8,2020/12/30 12:49,8,1,0.6,8,2020/12/30 23:59,8,1,0,0,8,1,4.6,0,8,1,0,1,8,1,4.3,8,1,5.8,8,1,61,8,1,992.2,8,1,,0,1,曇時々晴、みぞれを伴う,8,1
2020/12/31,2.2,8,1,7.1,8,2020/12/31 14:08,8,1,-1.6,8,2020/12/31 3:33,8,1,0,1,8,1,9.2,0,8,1,0,1,8,1,3.6,8,1,2.7,8,1,40,8,1,1005.4,8,1,,0,1,晴後一時曇,8,1